,,,,,,,,Empenhado,Liquidado,Pago,Empenhado,Liquidado,Pago,Empenhado,Liquidado,Pago,Empenhado,Liquidado,Pago,Empenhado,Liquidado,Pago,Empenhado,Liquidado,Pago,Empenhado,Liquidado,Pago,Empenhado,Liquidado,Pago,Empenhado,Liquidado,Pago,Empenhado,Liquidado,Pago,Empenhado,Liquidado,Pago,Empenhado,Liquidado,Pago,Empenhado,Liquidado,Pago
Categoria ,Ficha,Elemento,Fonte,Orçado,Creditado,Anulado,Saldo,Janeiro,Janeiro,Janeiro,Fevereiro,Fevereiro,Fevereiro,Março,Março,Março,Abril ,Abril ,Abril ,Maio,Maio,Maio,Junho,Junho,Junho,Julho,Julho,Julho,Agosto,Agosto,Agosto,Setembro,Setembro,Setembro,Outubro,Outubro,Outubro,Novembro,Novembro,Novembro,Dezembro,Dezembro,Dezembro,Total,Total,Total
Atenção Primária,468,Obras e Instalações,1500,"R$ 42.350,00",,,"R$ 42.350,00","R$ 0,00","R$ 0,00","R$ 0,00","R$ 0,00","R$ 0,00","R$ 0,00","R$ 0,00","R$ 0,00","R$ 0,00",,,,,,,,,,,,,,,,,,,,,,,,,,,,"R$ 0,00","R$ 0,00","R$ 0,00"
Atenção Primária,469,Obras e Instalações,1600,"R$ 129.800,00",,"R$ 105.000,00","R$ 24.800,00","R$ 0,00","R$ 0,00","R$ 0,00","R$ 0,00","R$ 0,00","R$ 0,00","R$ 0,00","R$ 0,00","R$ 0,00",,,,,,,,,,,,,,,,,,,,,,,,,,,,"R$ 0,00","R$ 0,00","R$ 0,00"
Atenção Primária,470,Obras e Instalações,1621,"R$ 5.500,00","R$ 20.000,00","R$ 5.400,00","R$ 20.100,00","R$ 0,00","R$ 0,00","R$ 0,00","R$ 0,00","R$ 0,00","R$ 0,00","R$ 0,00","R$ 0,00","R$ 0,00",,,,,,,,,,,,,,,,,,,,,,,,,,,,"R$ 0,00","R$ 0,00","R$ 0,00"
Atenção Primária,471,Obras e Instalações,1631,"R$ 161.700,00",,,"R$ 161.700,00","R$ 0,00","R$ 0,00","R$ 0,00","R$ 0,00","R$ 0,00","R$ 0,00","R$ 0,00","R$ 0,00","R$ 0,00",,,,,,,,,,,,,,,,,,,,,,,,,,,,"R$ 0,00","R$ 0,00","R$ 0,00"
Atenção Primária,472,Equipamentos e Materiais Permanentes,1500,"R$ 61.600,00",,,"R$ 61.600,00","R$ 0,00","R$ 0,00","R$ 0,00","R$ 0,00","R$ 0,00","R$ 0,00","R$ 0,00","R$ 0,00","R$ 0,00",,,,,,,,,,,,,,,,,,,,,,,,,,,,"R$ 0,00","R$ 0,00","R$ 0,00"
Atenção Primária,473,Equipamentos e Materiais Permanentes,1600,"R$ 22.000,00",,,"R$ 8.122,42","R$ 0,00","R$ 0,00","R$ 0,00","R$ 13.877,58","R$ 0,00","R$ 0,00","R$ 0,00","R$ 8.677,98","R$ 8.677,98",,,,,,,,,,,,,,,,,,,,,,,,,,,,"R$ 13.877,58","R$ 8.677,98","R$ 8.677,98"
Atenção Primária,474,Equipamentos e Materiais Permanentes,1621,"R$ 13.552,00",,"R$ 2.000,00","R$ 5.448,81","R$ 0,00","R$ 0,00","R$ 0,00","R$ 0,00","R$ 0,00","R$ 0,00","R$ 6.103,19","R$ 0,00","R$ 0,00",,,,,,,,,,,,,,,,,,,,,,,,,,,,"R$ 6.103,19","R$ 0,00","R$ 0,00"
Atenção Primária,475,Equipamentos e Materiais Permanentes,1631,"R$ 143.000,00",,,"R$ 143.000,00","R$ 0,00","R$ 0,00","R$ 0,00","R$ 0,00","R$ 0,00","R$ 0,00","R$ 0,00","R$ 0,00","R$ 0,00",,,,,,,,,,,,,,,,,,,,,,,,,,,,"R$ 0,00","R$ 0,00","R$ 0,00"
Atenção Primária,476,Contratação por tempo Determinado,1500,"R$ 110.000,00",,"R$ 2.000,00","R$ 22.363,48","R$ 28.951,77","R$ 28.951,77","R$ 28.951,77","R$ 25.121,43","R$ 25.121,43","R$ 25.121,43","R$ 31.563,32","R$ 31.563,32","R$ 31.563,32",,,,,,,,,,,,,,,,,,,,,,,,,,,,"R$ 85.636,52","R$ 85.636,52","R$ 85.636,52"
Atenção Primária,479,Vencimentos e Vantagens Fixas - Pessoal Civil,1500,"R$ 960.000,00",,,"R$ 258.160,21","R$ 194.514,34","R$ 194.514,34","R$ 194.514,34","R$ 257.495,33","R$ 257.495,33","R$ 257.495,33","R$ 249.830,12","R$ 249.830,12","R$ 249.830,12",,,,,,,,,,,,,,,,,,,,,,,,,,,,"R$ 701.839,79","R$ 701.839,79","R$ 701.839,79"
Atenção Primária,483,Obrigações Patronais,1500,"R$ 198.626,00","R$ 192.000,00",,"R$ 4.561,29","R$ 118.315,90","R$ 118.315,90","R$ 135,08","R$ 132.883,44","R$ 132.883,44","R$ 118.315,90","R$ 134.865,37","R$ 134.865,37","R$ 132.883,44",,,,,,,,,,,,,,,,,,,,,,,,,,,,"R$ 386.064,71","R$ 386.064,71","R$ 251.334,42"
Atenção Primária,485,Outras Despesas Variáveis - Pessoal Civil,1500,"R$ 69.542,00",,,"R$ 69.542,00","R$ 0,00","R$ 0,00","R$ 0,00","R$ 0,00","R$ 0,00","R$ 0,00","R$ 0,00","R$ 0,00","R$ 0,00",,,,,,,,,,,,,,,,,,,,,,,,,,,,"R$ 0,00","R$ 0,00","R$ 0,00"
Atenção Primária,487,Diárias - Pessoal Civil,1500,"R$ 407,00",,,"R$ 407,00","R$ 0,00","R$ 0,00","R$ 0,00","R$ 0,00","R$ 0,00","R$ 0,00","R$ 0,00","R$ 0,00","R$ 0,00",,,,,,,,,,,,,,,,,,,,,,,,,,,,"R$ 0,00","R$ 0,00","R$ 0,00"
Atenção Primária,489,Materiais de Consumo,1500,"R$ 100.771,00",,,"R$ 42.606,60","R$ 0,00","R$ 0,00","R$ 0,00","R$ 1.400,00","R$ 1.400,00","R$ 28,00","R$ 56.764,40","R$ 0,00","R$ 0,00",,,,,,,,,,,,,,,,,,,,,,,,,,,,"R$ 58.164,40","R$ 1.400,00","R$ 28,00"
Atenção Primária,493,Serviços de Terceiro PF,1500,"R$ 43.164,00",,,"R$ 16.265,30","R$ 20.139,22","R$ 5.449,74","R$ 50,69","R$ 0,00","R$ 5.449,74","R$ 6.980,58","R$ 6.759,48","R$ 5.449,74","R$ 3.918,90",,,,,,,,,,,,,,,,,,,,,,,,,,,,"R$ 26.898,70","R$ 16.349,22","R$ 10.950,17"
Atenção Primária,496,Serviços de Terceiros PJ,1500,"R$ 181.720,00",,,"R$ 84.421,54","R$ 35.540,22","R$ 0,00","R$ 0,00","R$ 480,00","R$ 7.017,51","R$ 1.887,18","R$ 61.278,24","R$ 20.498,92","R$ 7.404,55",,,,,,,,,,,,,,,,,,,,,,,,,,,,"R$ 97.298,46","R$ 27.516,43","R$ 9.291,73"
Atenção Primária,499,Auxílio-Alimentação,1500,"R$ 256.267,00",,,"R$ 124.970,34","R$ 42.925,00","R$ 42.925,00","R$ 42.925,00","R$ 45.475,00","R$ 45.475,00","R$ 45.475,00","R$ 42.896,66","R$ 42.896,66","R$ 42.896,66",,,,,,,,,,,,,,,,,,,,,,,,,,,,"R$ 131.296,66","R$ 131.296,66","R$ 131.296,66"
Atenção Primária,477,Contratação por tempo Determinado,1600,"R$ 198.000,00",,,"R$ 193.547,02","R$ 0,00","R$ 0,00","R$ 0,00","R$ 0,00","R$ 0,00","R$ 0,00","R$ 4.452,98","R$ 4.452,98","R$ 4.452,98",,,,,,,,,,,,,,,,,,,,,,,,,,,,"R$ 4.452,98","R$ 4.452,98","R$ 4.452,98"
Atenção Primária,480,Vencimentos e Vantagens Fixas - Pessoal Civil,1600,"R$ 1.354.507,00",,,"R$ 749.411,05","R$ 209.619,46","R$ 209.619,46","R$ 209.619,46","R$ 185.302,42","R$ 185.302,42","R$ 185.302,42","R$ 210.174,07","R$ 210.174,07","R$ 210.174,07",,,,,,,,,,,,,,,,,,,,,,,,,,,,"R$ 605.095,95","R$ 605.095,95","R$ 605.095,95"
Atenção Primária,484,Obrigações Patronais,1600,"R$ 235.653,00",,,"R$ 235.653,00","R$ 0,00","R$ 0,00","R$ 0,00","R$ 0,00","R$ 0,00","R$ 0,00","R$ 0,00","R$ 0,00","R$ 0,00",,,,,,,,,,,,,,,,,,,,,,,,,,,,"R$ 0,00","R$ 0,00","R$ 0,00"
Atenção Primária,486,Outras Despesas Variáveis - Pessoal Civil,1600,"R$ 5.247,00",,,"R$ 5.247,00","R$ 0,00","R$ 0,00","R$ 0,00","R$ 0,00","R$ 0,00","R$ 0,00","R$ 0,00","R$ 0,00","R$ 0,00",,,,,,,,,,,,,,,,,,,,,,,,,,,,"R$ 0,00","R$ 0,00","R$ 0,00"
Atenção Primária,488,Diárias - Pessoal Civil,1600,"R$ 770,00",,,"R$ 770,00","R$ 0,00","R$ 0,00","R$ 0,00","R$ 0,00","R$ 0,00","R$ 0,00","R$ 0,00","R$ 0,00","R$ 0,00",,,,,,,,,,,,,,,,,,,,,,,,,,,,"R$ 0,00","R$ 0,00","R$ 0,00"
Atenção Primária,490,Materiais de Consumo,1600,"R$ 421.014,00",,,"R$ 372.545,78","R$ 41.181,44","R$ 38.036,19","R$ 37.515,47","R$ 7.286,78","R$ 522,35","R$ 1.043,07","R$ 0,00","R$ 3.936,19","R$ 3.936,19",,,,,,,,,,,,,,,,,,,,,,,,,,,,"R$ 48.468,22","R$ 42.494,73","R$ 42.494,73"
Atenção Primária,494,Serviços de Terceiro PF,1600,"R$ 40.579,00",,,"R$ 40.579,00","R$ 0,00","R$ 0,00","R$ 0,00","R$ 0,00","R$ 0,00","R$ 0,00","R$ 0,00","R$ 0,00","R$ 0,00",,,,,,,,,,,,,,,,,,,,,,,,,,,,"R$ 0,00","R$ 0,00","R$ 0,00"
Atenção Primária,497,Serviços de Terceiros PJ,1600,"R$ 138.314,00","R$ 200.000,00",,"R$ 31.896,05","R$ 0,00","R$ 0,00","R$ 0,00","R$ 221.941,95","R$ 67.235,00","R$ 67.235,00","R$ 84.476,00","R$ 108.793,17","R$ 105.663,19",,,,,,,,,,,,,,,,,,,,,,,,,,,,"R$ 306.417,95","R$ 176.028,17","R$ 172.898,19"
Atenção Primária,500,Auxílio-Alimentação,1600,"R$ 196.878,00",,,"R$ 142.194,67","R$ 15.300,00","R$ 15.300,00","R$ 15.300,00","R$ 17.850,00","R$ 17.850,00","R$ 17.850,00","R$ 21.533,33","R$ 21.533,33","R$ 21.533,33",,,,,,,,,,,,,,,,,,,,,,,,,,,,"R$ 54.683,33","R$ 54.683,33","R$ 54.683,33"
Atenção Primária,502,Equipamentos e Materiais Permanentes,1600,"R$ 46.200,00",,,"R$ 46.200,00","R$ 0,00","R$ 0,00","R$ 0,00","R$ 0,00","R$ 0,00","R$ 0,00","R$ 0,00","R$ 0,00","R$ 0,00",,,,,,,,,,,,,,,,,,,,,,,,,,,,"R$ 0,00","R$ 0,00","R$ 0,00"
Atenção Primária,478,Contratação por tempo Determinado,1604,"R$ 11.000,00",,,"R$ 11.000,00","R$ 0,00","R$ 0,00","R$ 0,00","R$ 0,00","R$ 0,00","R$ 0,00","R$ 0,00","R$ 0,00","R$ 0,00",,,,,,,,,,,,,,,,,,,,,,,,,,,,"R$ 0,00","R$ 0,00","R$ 0,00"
Atenção Primária,481,Vencimentos e Vantagens Fixas - Pessoal Civil,1604,"R$ 550.000,00",,,"R$ 329.544,00","R$ 74.566,00","R$ 74.566,00","R$ 74.566,00","R$ 74.566,00","R$ 74.566,00","R$ 74.566,00","R$ 71.324,00","R$ 71.324,00","R$ 71.324,00",,,,,,,,,,,,,,,,,,,,,,,,,,,,"R$ 220.456,00","R$ 220.456,00","R$ 220.456,00"
Atenção Primária,482,Vencimentos e Vantagens Fixas - Pessoal Civil,1605,"R$ 80.000,00",,,"R$ 61.448,73","R$ 7.669,88","R$ 7.096,00","R$ 7.096,00","R$ 7.096,00","R$ 7.669,88","R$ 7.669,88","R$ 3.785,39","R$ 3.785,39","R$ 3.785,39",,,,,,,,,,,,,,,,,,,,,,,,,,,,"R$ 18.551,27","R$ 18.551,27","R$ 18.551,27"
Atenção Primária,1033,Diárias - Pessoal Civil,1621,"R$ 0,00","R$ 3.000,00",,"R$ 1.981,29","R$ 0,00","R$ 0,00","R$ 0,00","R$ 544,44","R$ 171,15","R$ 0,00","R$ 474,27","R$ 302,60","R$ 473,75",,,,,,,,,,,,,,,,,,,,,,,,,,,,"R$ 1.018,71","R$ 473,75","R$ 473,75"
Atenção Primária,491,Materiais de Consumo,1621,"R$ 800.272,00",,,"R$ 453.954,54","R$ 302.936,99","R$ 37.272,67","R$ 436,64","R$ 8.717,98","R$ 77.780,60","R$ 113.940,43","R$ 34.662,49","R$ 26.323,99","R$ 23.694,33",,,,,,,,,,,,,,,,,,,,,,,,,,,,"R$ 346.317,46","R$ 141.377,26","R$ 138.071,40"
Atenção Primária,495,Serviços de Terceiro PF,1621,"R$ 1.100,00",,,"R$ 1.100,00","R$ 0,00","R$ 0,00","R$ 0,00","R$ 0,00","R$ 0,00","R$ 0,00","R$ 0,00","R$ 0,00","R$ 0,00",,,,,,,,,,,,,,,,,,,,,,,,,,,,"R$ 0,00","R$ 0,00","R$ 0,00"
Atenção Primária,498,Serviços de Terceiros PJ,1621,"R$ 979.957,00",,,"R$ 452.261,91","R$ 425.637,02","R$ 39.766,94","R$ 1.908,82","R$ 89.574,44","R$ 67.826,12","R$ 105.684,24","R$ 12.483,63","R$ 14.861,06","R$ 5.917,04",,,,,,,,,,,,,,,,,,,,,,,,,,,,"R$ 527.695,09","R$ 122.454,12","R$ 113.510,10"
Atenção Primária,501,Auxílio-Alimentação,1621,"R$ 1.100,00","R$ 2.000,00",,"R$ 550,00","R$ 850,00","R$ 850,00","R$ 850,00","R$ 850,00","R$ 850,00","R$ 850,00","R$ 850,00","R$ 850,00","R$ 850,00",,,,,,,,,,,,,,,,,,,,,,,,,,,,"R$ 2.550,00","R$ 2.550,00","R$ 2.550,00"
Atenção Primária,492,Materiais de Consumo,1631,"R$ 16.060,00",,,"R$ 16.060,00","R$ 0,00","R$ 0,00","R$ 0,00","R$ 0,00","R$ 0,00","R$ 0,00","R$ 0,00","R$ 0,00","R$ 0,00",,,,,,,,,,,,,,,,,,,,,,,,,,,,"R$ 0,00","R$ 0,00","R$ 0,00"
Atenção Primária,503,Materiais de Consumo,1500,"R$ 5.500,00",,,"R$ 5.500,00","R$ 0,00","R$ 0,00","R$ 0,00","R$ 0,00","R$ 0,00","R$ 0,00","R$ 0,00","R$ 0,00","R$ 0,00",,,,,,,,,,,,,,,,,,,,,,,,,,,,"R$ 0,00","R$ 0,00","R$ 0,00"
Atenção Primária,505,Serviços de Terceiros PJ,1500,"R$ 5.500,00",,,"R$ 5.500,00","R$ 0,00","R$ 0,00","R$ 0,00","R$ 0,00","R$ 0,00","R$ 0,00","R$ 0,00","R$ 0,00","R$ 0,00",,,,,,,,,,,,,,,,,,,,,,,,,,,,"R$ 0,00","R$ 0,00","R$ 0,00"
Atenção Primária,504,Materiais de Consumo,1600,"R$ 33.000,00",,,"R$ 33.000,00","R$ 0,00","R$ 0,00","R$ 0,00","R$ 0,00","R$ 0,00","R$ 0,00","R$ 0,00","R$ 0,00","R$ 0,00",,,,,,,,,,,,,,,,,,,,,,,,,,,,"R$ 0,00","R$ 0,00","R$ 0,00"
Atenção Primária,506,Serviços de Terceiros PJ,1600,"R$ 5.500,00",,,"R$ 5.500,00","R$ 0,00","R$ 0,00","R$ 0,00","R$ 0,00","R$ 0,00","R$ 0,00","R$ 0,00","R$ 0,00","R$ 0,00",,,,,,,,,,,,,,,,,,,,,,,,,,,,"R$ 0,00","R$ 0,00","R$ 0,00"
Vigilância,534,Equipamentos e Materiais Permanentes,1500,"R$ 62.920,00",,,"R$ 62.920,00","R$ 0,00","R$ 0,00","R$ 0,00","R$ 0,00","R$ 0,00","R$ 0,00","R$ 0,00","R$ 0,00","R$ 0,00",,,,,,,,,,,,,,,,,,,,,,,,,,,,"R$ 0,00","R$ 0,00","R$ 0,00"
Vigilância,535,Equipamentos e Materiais Permanentes,1600,"R$ 33.000,00",,,"R$ 33.000,00","R$ 0,00","R$ 0,00","R$ 0,00","R$ 0,00","R$ 0,00","R$ 0,00","R$ 0,00","R$ 0,00","R$ 0,00",,,,,,,,,,,,,,,,,,,,,,,,,,,,"R$ 0,00","R$ 0,00","R$ 0,00"
Vigilância,536,Equipamentos e Materiais Permanentes,1621,"R$ 13.552,00","R$ 225.000,00",,"R$ 3.552,00","R$ 0,00","R$ 0,00","R$ 0,00","R$ 0,00","R$ 0,00","R$ 0,00","R$ 235.000,00","R$ 0,00","R$ 0,00",,,,,,,,,,,,,,,,,,,,,,,,,,,,"R$ 235.000,00","R$ 0,00","R$ 0,00"
Vigilância,1034,Equipamentos e Materiais Permanentes,2621,"R$ 0,00","R$ 111.199,69",,"R$ 111.199,69","R$ 0,00","R$ 0,00","R$ 0,00","R$ 0,00","R$ 0,00","R$ 0,00","R$ 0,00","R$ 0,00","R$ 0,00",,,,,,,,,,,,,,,,,,,,,,,,,,,,"R$ 0,00","R$ 0,00","R$ 0,00"
Vigilância,537,Obras e Instalações,1500,"R$ 330.000,00",,"R$ 16.000,00","R$ 314.000,00","R$ 0,00","R$ 0,00","R$ 0,00","R$ 0,00","R$ 0,00","R$ 0,00","R$ 0,00","R$ 0,00","R$ 0,00",,,,,,,,,,,,,,,,,,,,,,,,,,,,"R$ 0,00","R$ 0,00","R$ 0,00"
Vigilância,538,Obras e Instalações,1600,"R$ 22.000,00",,,"R$ 22.000,00","R$ 0,00","R$ 0,00","R$ 0,00","R$ 0,00","R$ 0,00","R$ 0,00","R$ 0,00","R$ 0,00","R$ 0,00",,,,,,,,,,,,,,,,,,,,,,,,,,,,"R$ 0,00","R$ 0,00","R$ 0,00"
Vigilância,539,Obras e Instalações,1621,"R$ 22.000,00",,"R$ 5.000,00","R$ 17.000,00","R$ 0,00","R$ 0,00","R$ 0,00","R$ 0,00","R$ 0,00","R$ 0,00","R$ 0,00","R$ 0,00","R$ 0,00",,,,,,,,,,,,,,,,,,,,,,,,,,,,"R$ 0,00","R$ 0,00","R$ 0,00"
Vigilância,540,Obras e Instalações,1631,"R$ 22.000,00",,,"R$ 22.000,00","R$ 0,00","R$ 0,00","R$ 0,00","R$ 0,00","R$ 0,00","R$ 0,00","R$ 0,00","R$ 0,00","R$ 0,00",,,,,,,,,,,,,,,,,,,,,,,,,,,,"R$ 0,00","R$ 0,00","R$ 0,00"
Vigilância,509,Contratação por tempo Determinado,1500,"R$ 194.678,00",,,"R$ 194.678,00","R$ 0,00","R$ 0,00","R$ 0,00","R$ 0,00","R$ 0,00","R$ 0,00","R$ 0,00","R$ 0,00","R$ 0,00",,,,,,,,,,,,,,,,,,,,,,,,,,,,"R$ 0,00","R$ 0,00","R$ 0,00"
Vigilância,512,Vencimentos e Vantagens Fixas - Pessoal Civil,1500,"R$ 57.365,00",,,"R$ 57.365,00","R$ 0,00","R$ 0,00","R$ 0,00","R$ 0,00","R$ 0,00","R$ 0,00","R$ 0,00","R$ 0,00","R$ 0,00",,,,,,,,,,,,,,,,,,,,,,,,,,,,"R$ 0,00","R$ 0,00","R$ 0,00"
Vigilância,515,Obrigações Patronais,1500,"R$ 75.152,00",,,"R$ 75.152,00","R$ 0,00","R$ 0,00","R$ 0,00","R$ 0,00","R$ 0,00","R$ 0,00","R$ 0,00","R$ 0,00","R$ 0,00",,,,,,,,,,,,,,,,,,,,,,,,,,,,"R$ 0,00","R$ 0,00","R$ 0,00"
Vigilância,518,Outras Despesas Variáveis - Pessoal Civil,1500,"R$ 21.780,00",,,"R$ 21.780,00","R$ 0,00","R$ 0,00","R$ 0,00","R$ 0,00","R$ 0,00","R$ 0,00","R$ 0,00","R$ 0,00","R$ 0,00",,,,,,,,,,,,,,,,,,,,,,,,,,,,"R$ 0,00","R$ 0,00","R$ 0,00"
Vigilância,521,Diárias - Pessoal Civil,1500,"R$ 5.500,00",,,"R$ 5.500,00","R$ 0,00","R$ 0,00","R$ 0,00","R$ 0,00","R$ 0,00","R$ 0,00","R$ 0,00","R$ 0,00","R$ 0,00",,,,,,,,,,,,,,,,,,,,,,,,,,,,"R$ 0,00","R$ 0,00","R$ 0,00"
Vigilância,523,Materiais de Consumo,1500,"R$ 814,00",,,"R$ 814,00","R$ 0,00","R$ 0,00","R$ 0,00","R$ 0,00","R$ 0,00","R$ 0,00","R$ 0,00","R$ 0,00","R$ 0,00",,,,,,,,,,,,,,,,,,,,,,,,,,,,"R$ 0,00","R$ 0,00","R$ 0,00"
Vigilância,526,Serviços de Terceiro PF,1500,"R$ 23.936,00",,,"R$ 23.936,00","R$ 0,00","R$ 0,00","R$ 0,00","R$ 0,00","R$ 0,00","R$ 0,00","R$ 0,00","R$ 0,00","R$ 0,00",,,,,,,,,,,,,,,,,,,,,,,,,,,,"R$ 0,00","R$ 0,00","R$ 0,00"
Vigilância,529,Serviços de Terceiros PJ,1500,"R$ 1.243,00",,,"R$ 1.243,00","R$ 0,00","R$ 0,00","R$ 0,00","R$ 0,00","R$ 0,00","R$ 0,00","R$ 0,00","R$ 0,00","R$ 0,00",,,,,,,,,,,,,,,,,,,,,,,,,,,,"R$ 0,00","R$ 0,00","R$ 0,00"
Vigilância,532,Auxílio-Alimentação,1500,"R$ 3.487,00",,,"R$ 3.487,00","R$ 0,00","R$ 0,00","R$ 0,00","R$ 0,00","R$ 0,00","R$ 0,00","R$ 0,00","R$ 0,00","R$ 0,00",,,,,,,,,,,,,,,,,,,,,,,,,,,,"R$ 0,00","R$ 0,00","R$ 0,00"
Vigilância,510,Contratação por tempo Determinado,1600,"R$ 220.000,00",,"R$ 200.000,00","R$ 20.000,00","R$ 0,00","R$ 0,00","R$ 0,00","R$ 0,00","R$ 0,00","R$ 0,00","R$ 0,00","R$ 0,00","R$ 0,00",,,,,,,,,,,,,,,,,,,,,,,,,,,,"R$ 0,00","R$ 0,00","R$ 0,00"
Vigilância,513,Vencimentos e Vantagens Fixas - Pessoal Civil,1600,"R$ 165.000,00",,"R$ 106.000,00","R$ 59.000,00","R$ 0,00","R$ 0,00","R$ 0,00","R$ 0,00","R$ 0,00","R$ 0,00","R$ 0,00","R$ 0,00","R$ 0,00",,,,,,,,,,,,,,,,,,,,,,,,,,,,"R$ 0,00","R$ 0,00","R$ 0,00"
Vigilância,516,Obrigações Patronais,1600,"R$ 55.000,00",,,"R$ 55.000,00","R$ 0,00","R$ 0,00","R$ 0,00","R$ 0,00","R$ 0,00","R$ 0,00","R$ 0,00","R$ 0,00","R$ 0,00",,,,,,,,,,,,,,,,,,,,,,,,,,,,"R$ 0,00","R$ 0,00","R$ 0,00"
Vigilância,519,Outras Despesas Variáveis - Pessoal Civil,1600,"R$ 2.200,00",,,"R$ 2.200,00","R$ 0,00","R$ 0,00","R$ 0,00","R$ 0,00","R$ 0,00","R$ 0,00","R$ 0,00","R$ 0,00","R$ 0,00",,,,,,,,,,,,,,,,,,,,,,,,,,,,"R$ 0,00","R$ 0,00","R$ 0,00"
Vigilância,522,Diárias - Pessoal Civil,1600,"R$ 1.122,00",,,"R$ 1.122,00","R$ 0,00","R$ 0,00","R$ 0,00","R$ 0,00","R$ 0,00","R$ 0,00","R$ 0,00","R$ 0,00","R$ 0,00",,,,,,,,,,,,,,,,,,,,,,,,,,,,"R$ 0,00","R$ 0,00","R$ 0,00"
Vigilância,524,Materiais de Consumo,1600,"R$ 2.970,00",,,"R$ 2.970,00","R$ 0,00","R$ 0,00","R$ 0,00","R$ 0,00","R$ 0,00","R$ 0,00","R$ 0,00","R$ 0,00","R$ 0,00",,,,,,,,,,,,,,,,,,,,,,,,,,,,"R$ 0,00","R$ 0,00","R$ 0,00"
Vigilância,527,Serviços de Terceiro PF,1600,"R$ 1.100,00",,,"R$ 1.100,00","R$ 0,00","R$ 0,00","R$ 0,00","R$ 0,00","R$ 0,00","R$ 0,00","R$ 0,00","R$ 0,00","R$ 0,00",,,,,,,,,,,,,,,,,,,,,,,,,,,,"R$ 0,00","R$ 0,00","R$ 0,00"
Vigilância,530,Serviços de Terceiros PJ,1600,"R$ 5.500,00",,,"R$ 5.500,00","R$ 0,00","R$ 0,00","R$ 0,00","R$ 0,00","R$ 0,00","R$ 0,00","R$ 0,00","R$ 0,00","R$ 0,00",,,,,,,,,,,,,,,,,,,,,,,,,,,,"R$ 0,00","R$ 0,00","R$ 0,00"
Vigilância,533,Auxílio-Alimentação,1600,"R$ 33.000,00",,,"R$ 33.000,00","R$ 0,00","R$ 0,00","R$ 0,00","R$ 0,00","R$ 0,00","R$ 0,00","R$ 0,00","R$ 0,00","R$ 0,00",,,,,,,,,,,,,,,,,,,,,,,,,,,,"R$ 0,00","R$ 0,00","R$ 0,00"
Vigilância,511,Contratação por tempo Determinado,1621,"R$ 38.500,00",,,"R$ 38.500,00","R$ 0,00","R$ 0,00","R$ 0,00","R$ 0,00","R$ 0,00","R$ 0,00","R$ 0,00","R$ 0,00","R$ 0,00",,,,,,,,,,,,,,,,,,,,,,,,,,,,"R$ 0,00","R$ 0,00","R$ 0,00"
Vigilância,514,Vencimentos e Vantagens Fixas - Pessoal Civil,1621,"R$ 187.000,00",,,"R$ 168.146,44","R$ 6.284,52","R$ 6.284,52","R$ 6.284,52","R$ 6.284,52","R$ 6.284,52","R$ 6.284,52","R$ 6.284,52","R$ 6.284,52","R$ 6.284,52",,,,,,,,,,,,,,,,,,,,,,,,,,,,"R$ 18.853,56","R$ 18.853,56","R$ 18.853,56"
Vigilância,517,Obrigações Patronais,1621,"R$ 11.000,00",,"R$ 4.000,00","R$ 7.000,00","R$ 0,00","R$ 0,00","R$ 0,00","R$ 0,00","R$ 0,00","R$ 0,00","R$ 0,00","R$ 0,00","R$ 0,00",,,,,,,,,,,,,,,,,,,,,,,,,,,,"R$ 0,00","R$ 0,00","R$ 0,00"
Vigilância,520,Outras Despesas Variáveis - Pessoal Civil,1621,"R$ 2.200,00",,,"R$ 2.200,00","R$ 0,00","R$ 0,00","R$ 0,00","R$ 0,00","R$ 0,00","R$ 0,00","R$ 0,00","R$ 0,00","R$ 0,00",,,,,,,,,,,,,,,,,,,,,,,,,,,,"R$ 0,00","R$ 0,00","R$ 0,00"
Vigilância,525,Materiais de Consumo,1621,"R$ 21.527,00",,,"R$ 21.527,00","R$ 0,00","R$ 0,00","R$ 0,00","R$ 0,00","R$ 0,00","R$ 0,00","R$ 0,00","R$ 0,00","R$ 0,00",,,,,,,,,,,,,,,,,,,,,,,,,,,,"R$ 0,00","R$ 0,00","R$ 0,00"
Vigilância,528,Serviços de Terceiro PF,1621,"R$ 5.500,00",,,"R$ 5.500,00","R$ 0,00","R$ 0,00","R$ 0,00","R$ 0,00","R$ 0,00","R$ 0,00","R$ 0,00","R$ 0,00","R$ 0,00",,,,,,,,,,,,,,,,,,,,,,,,,,,,"R$ 0,00","R$ 0,00","R$ 0,00"
Vigilância,531,Serviços de Terceiros PJ,1621,"R$ 4.378,00",,,"R$ 4.378,00","R$ 0,00","R$ 0,00","R$ 0,00","R$ 0,00","R$ 0,00","R$ 0,00","R$ 0,00","R$ 0,00","R$ 0,00",,,,,,,,,,,,,,,,,,,,,,,,,,,,"R$ 0,00","R$ 0,00","R$ 0,00"
Vigilância,541,Contratação por tempo Determinado,1500,"R$ 170.368,00",,,"R$ 170.368,00","R$ 0,00","R$ 0,00","R$ 0,00","R$ 0,00","R$ 0,00","R$ 0,00","R$ 0,00","R$ 0,00","R$ 0,00",,,,,,,,,,,,,,,,,,,,,,,,,,,,"R$ 0,00","R$ 0,00","R$ 0,00"
Vigilância,545,Vencimentos e Vantagens Fixas - Pessoal Civil,1500,"R$ 277.508,00","R$ 2.000,00",,"R$ 155.411,18","R$ 46.194,94","R$ 46.194,94","R$ 46.194,94","R$ 38.694,40","R$ 38.694,40","R$ 38.694,40","R$ 39.207,48","R$ 39.207,48","R$ 39.207,48",,,,,,,,,,,,,,,,,,,,,,,,,,,,"R$ 124.096,82","R$ 124.096,82","R$ 124.096,82"
Vigilância,549,Obrigações Patronais,1500,"R$ 116.754,00",,,"R$ 56.673,99","R$ 19.199,40","R$ 19.199,40","R$ 0,00","R$ 20.425,24","R$ 20.425,24","R$ 19.199,40","R$ 20.455,37","R$ 20.455,37","R$ 20.425,24",,,,,,,,,,,,,,,,,,,,,,,,,,,,"R$ 60.080,01","R$ 60.080,01","R$ 39.624,64"
Vigilância,552,Outras Despesas Variáveis - Pessoal Civil,1500,"R$ 26.664,00",,,"R$ 26.664,00","R$ 0,00","R$ 0,00","R$ 0,00","R$ 0,00","R$ 0,00","R$ 0,00","R$ 0,00","R$ 0,00","R$ 0,00",,,,,,,,,,,,,,,,,,,,,,,,,,,,"R$ 0,00","R$ 0,00","R$ 0,00"
Vigilância,555,Diárias - Pessoal Civil,1500,"R$ 176,00",,,"R$ 176,00","R$ 0,00","R$ 0,00","R$ 0,00","R$ 0,00","R$ 0,00","R$ 0,00","R$ 0,00","R$ 0,00","R$ 0,00",,,,,,,,,,,,,,,,,,,,,,,,,,,,"R$ 0,00","R$ 0,00","R$ 0,00"
Vigilância,557,Materiais de Consumo,1500,"R$ 55.000,00",,,"R$ 55.000,00","R$ 0,00","R$ 0,00","R$ 0,00","R$ 0,00","R$ 0,00","R$ 0,00","R$ 0,00","R$ 0,00","R$ 0,00",,,,,,,,,,,,,,,,,,,,,,,,,,,,"R$ 0,00","R$ 0,00","R$ 0,00"
Vigilância,560,"Premiações Culturais,Artísticas,Científicas,Desportivas e Outras",1500,"R$ 5.000,00",,,"R$ 5.000,00","R$ 0,00","R$ 0,00","R$ 0,00","R$ 0,00","R$ 0,00","R$ 0,00","R$ 0,00","R$ 0,00","R$ 0,00",,,,,,,,,,,,,,,,,,,,,,,,,,,,"R$ 0,00","R$ 0,00","R$ 0,00"
Vigilância,563,Serviços de Terceiro PF,1500,"R$ 18.469,00",,,"R$ 10.969,00","R$ 4.500,00","R$ 1.500,00","R$ 22,50","R$ 0,00","R$ 1.500,00","R$ 2.977,50","R$ 3.000,00","R$ 1.500,00","R$ 22,50",,,,,,,,,,,,,,,,,,,,,,,,,,,,"R$ 7.500,00","R$ 4.500,00","R$ 3.022,50"
Vigilância,566,Serviços de Terceiros PJ,1500,"R$ 110.000,00",,,"R$ 108.549,46","R$ 800,00","R$ 0,00","R$ 0,00","R$ 650,54","R$ 296,44","R$ 296,44","R$ 0,00","R$ 521,54","R$ 521,54",,,,,,,,,,,,,,,,,,,,,,,,,,,,"R$ 1.450,54","R$ 817,98","R$ 817,98"
Vigilância,569,Auxílio-Alimentação,1500,"R$ 26.015,00","R$ 17.000,00",,"R$ 1.393,33","R$ 13.571,67","R$ 13.571,67","R$ 13.571,67","R$ 13.600,00","R$ 13.600,00","R$ 13.600,00","R$ 14.450,00","R$ 14.450,00","R$ 14.450,00",,,,,,,,,,,,,,,,,,,,,,,,,,,,"R$ 41.621,67","R$ 41.621,67","R$ 41.621,67"
Vigilância,542,Contratação por tempo Determinado,1600,"R$ 186.043,00",,"R$ 42.000,00","R$ 144.043,00","R$ 0,00","R$ 0,00","R$ 0,00","R$ 0,00","R$ 0,00","R$ 0,00","R$ 0,00","R$ 0,00","R$ 0,00",,,,,,,,,,,,,,,,,,,,,,,,,,,,"R$ 0,00","R$ 0,00","R$ 0,00"
Vigilância,546,Vencimentos e Vantagens Fixas - Pessoal Civil,1600,"R$ 770.000,00",,,"R$ 766.219,47","R$ 0,00","R$ 0,00","R$ 0,00","R$ 3.780,53","R$ 3.780,53","R$ 3.780,53","R$ 0,00","R$ 0,00","R$ 0,00",,,,,,,,,,,,,,,,,,,,,,,,,,,,"R$ 3.780,53","R$ 3.780,53","R$ 3.780,53"
Vigilância,550,Obrigações Patronais,1600,"R$ 67.595,00",,,"R$ 67.595,00","R$ 0,00","R$ 0,00","R$ 0,00","R$ 0,00","R$ 0,00","R$ 0,00","R$ 0,00","R$ 0,00","R$ 0,00",,,,,,,,,,,,,,,,,,,,,,,,,,,,"R$ 0,00","R$ 0,00","R$ 0,00"
Vigilância,553,Outras Despesas Variáveis - Pessoal Civil,1600,"R$ 15.015,00",,,"R$ 15.015,00","R$ 0,00","R$ 0,00","R$ 0,00","R$ 0,00","R$ 0,00","R$ 0,00","R$ 0,00","R$ 0,00","R$ 0,00",,,,,,,,,,,,,,,,,,,,,,,,,,,,"R$ 0,00","R$ 0,00","R$ 0,00"
Vigilância,556,Diárias - Pessoal Civil,1600,"R$ 2.200,00",,,"R$ 2.200,00","R$ 0,00","R$ 0,00","R$ 0,00","R$ 0,00","R$ 0,00","R$ 0,00","R$ 0,00","R$ 0,00","R$ 0,00",,,,,,,,,,,,,,,,,,,,,,,,,,,,"R$ 0,00","R$ 0,00","R$ 0,00"
Vigilância,558,Materiais de Consumo,1600,"R$ 97.493,00",,,"R$ 97.493,00","R$ 0,00","R$ 0,00","R$ 0,00","R$ 0,00","R$ 0,00","R$ 0,00","R$ 0,00","R$ 0,00","R$ 0,00",,,,,,,,,,,,,,,,,,,,,,,,,,,,"R$ 0,00","R$ 0,00","R$ 0,00"
Vigilância,561,"Premiações Culturais,Artísticas,Científicas,Desportivas e Outras",1600,"R$ 5.000,00",,,"R$ 5.000,00","R$ 0,00","R$ 0,00","R$ 0,00","R$ 0,00","R$ 0,00","R$ 0,00","R$ 0,00","R$ 0,00","R$ 0,00",,,,,,,,,,,,,,,,,,,,,,,,,,,,"R$ 0,00","R$ 0,00","R$ 0,00"
Vigilância,564,Serviços de Terceiro PF,1600,"R$ 17.765,00",,,"R$ 17.765,00","R$ 0,00","R$ 0,00","R$ 0,00","R$ 0,00","R$ 0,00","R$ 0,00","R$ 0,00","R$ 0,00","R$ 0,00",,,,,,,,,,,,,,,,,,,,,,,,,,,,"R$ 0,00","R$ 0,00","R$ 0,00"
Vigilância,567,Serviços de Terceiros PJ,1600,"R$ 34.650,00",,,"R$ 34.650,00","R$ 0,00","R$ 0,00","R$ 0,00","R$ 0,00","R$ 0,00","R$ 0,00","R$ 0,00","R$ 0,00","R$ 0,00",,,,,,,,,,,,,,,,,,,,,,,,,,,,"R$ 0,00","R$ 0,00","R$ 0,00"
Vigilância,570,Auxílio-Alimentação,1600,"R$ 94.468,00",,,"R$ 93.618,00","R$ 0,00","R$ 0,00","R$ 0,00","R$ 850,00","R$ 850,00","R$ 850,00","R$ 0,00","R$ 0,00","R$ 0,00",,,,,,,,,,,,,,,,,,,,,,,,,,,,"R$ 850,00","R$ 850,00","R$ 850,00"
Vigilância,543,Contratação por tempo Determinado,1604,"R$ 11.000,00",,,"R$ 11.000,00","R$ 0,00","R$ 0,00","R$ 0,00","R$ 0,00","R$ 0,00","R$ 0,00","R$ 0,00","R$ 0,00","R$ 0,00",,,,,,,,,,,,,,,,,,,,,,,,,,,,"R$ 0,00","R$ 0,00","R$ 0,00"
Vigilância,547,Vencimentos e Vantagens Fixas - Pessoal Civil,1604,"R$ 165.000,00",,,"R$ 45.700,64","R$ 32.967,74","R$ 32.967,74","R$ 32.967,74","R$ 42.146,00","R$ 42.146,00","R$ 42.146,00","R$ 44.185,62","R$ 44.185,62","R$ 44.185,62",,,,,,,,,,,,,,,,,,,,,,,,,,,,"R$ 119.299,36","R$ 119.299,36","R$ 119.299,36"
Vigilância,544,Contratação por tempo Determinado,1621,"R$ 231.000,00",,,"R$ 231.000,00","R$ 0,00","R$ 0,00","R$ 0,00","R$ 0,00","R$ 0,00","R$ 0,00","R$ 0,00","R$ 0,00","R$ 0,00",,,,,,,,,,,,,,,,,,,,,,,,,,,,"R$ 0,00","R$ 0,00","R$ 0,00"
Vigilância,548,Vencimentos e Vantagens Fixas - Pessoal Civil,1621,"R$ 5.500,00",,,"R$ 5.500,00","R$ 0,00","R$ 0,00","R$ 0,00","R$ 0,00","R$ 0,00","R$ 0,00","R$ 0,00","R$ 0,00","R$ 0,00",,,,,,,,,,,,,,,,,,,,,,,,,,,,"R$ 0,00","R$ 0,00","R$ 0,00"
Vigilância,551,Obrigações Patronais,1621,"R$ 3.300,00",,,"R$ 3.300,00","R$ 0,00","R$ 0,00","R$ 0,00","R$ 0,00","R$ 0,00","R$ 0,00","R$ 0,00","R$ 0,00","R$ 0,00",,,,,,,,,,,,,,,,,,,,,,,,,,,,"R$ 0,00","R$ 0,00","R$ 0,00"
Vigilância,554,Outras Despesas Variáveis - Pessoal Civil,1621,"R$ 1.100,00",,,"R$ 1.100,00","R$ 0,00","R$ 0,00","R$ 0,00","R$ 0,00","R$ 0,00","R$ 0,00","R$ 0,00","R$ 0,00","R$ 0,00",,,,,,,,,,,,,,,,,,,,,,,,,,,,"R$ 0,00","R$ 0,00","R$ 0,00"
Vigilância,559,Materiais de Consumo,1621,"R$ 199.749,00",,,"R$ 150.644,44","R$ 25.595,16","R$ 0,00","R$ 0,00","R$ 16.335,50","R$ 12.721,80","R$ 12.721,80","R$ 7.173,90","R$ 9.785,68","R$ 9.686,68",,,,,,,,,,,,,,,,,,,,,,,,,,,,"R$ 49.104,56","R$ 22.507,48","R$ 22.408,48"
Vigilância,562,"Premiações Culturais,Artísticas,Científicas,Desportivas e Outras",1621,"R$ 5.000,00",,,"R$ 5.000,00","R$ 0,00","R$ 0,00","R$ 0,00","R$ 0,00","R$ 0,00","R$ 0,00","R$ 0,00","R$ 0,00","R$ 0,00",,,,,,,,,,,,,,,,,,,,,,,,,,,,"R$ 0,00","R$ 0,00","R$ 0,00"
Vigilância,565,Serviços de Terceiro PF,1621,"R$ 2.233,00",,,"R$ 1.343,00","R$ 0,00","R$ 0,00","R$ 0,00","R$ 890,00","R$ 0,00","R$ 0,00","R$ 0,00","R$ 890,00","R$ 890,00",,,,,,,,,,,,,,,,,,,,,,,,,,,,"R$ 890,00","R$ 890,00","R$ 890,00"
Vigilância,568,Serviços de Terceiros PJ,1621,"R$ 80.575,00",,,"R$ 70.398,75","R$ 0,00","R$ 0,00","R$ 0,00","R$ 2.598,95","R$ 0,00","R$ 0,00","R$ 7.577,30","R$ 8.237,30","R$ 1.353,00",,,,,,,,,,,,,,,,,,,,,,,,,,,,"R$ 10.176,25","R$ 8.237,30","R$ 1.353,00"
Vigilância,571,Auxílio-Alimentação,1621,"R$ 1.408,00",,,"R$ 1.408,00","R$ 0,00","R$ 0,00","R$ 0,00","R$ 0,00","R$ 0,00","R$ 0,00","R$ 0,00","R$ 0,00","R$ 0,00",,,,,,,,,,,,,,,,,,,,,,,,,,,,"R$ 0,00","R$ 0,00","R$ 0,00"
Vigilância,507,Materiais de Consumo,1600,"R$ 99.000,00",,,"R$ 99.000,00","R$ 0,00","R$ 0,00","R$ 0,00","R$ 0,00","R$ 0,00","R$ 0,00","R$ 0,00","R$ 0,00","R$ 0,00",,,,,,,,,,,,,,,,,,,,,,,,,,,,"R$ 0,00","R$ 0,00","R$ 0,00"
Vigilância,508,Serviços de Terceiros PJ,1600,"R$ 11.000,00",,,"R$ 11.000,00","R$ 0,00","R$ 0,00","R$ 0,00","R$ 0,00","R$ 0,00","R$ 0,00","R$ 0,00","R$ 0,00","R$ 0,00",,,,,,,,,,,,,,,,,,,,,,,,,,,,"R$ 0,00","R$ 0,00","R$ 0,00"
Farmácia,572,Equipamentos e Materiais Permanentes,1500,"R$ 22.000,00",,,"R$ 22.000,00","R$ 0,00","R$ 0,00","R$ 0,00","R$ 0,00","R$ 0,00","R$ 0,00","R$ 0,00","R$ 0,00","R$ 0,00",,,,,,,,,,,,,,,,,,,,,,,,,,,,"R$ 0,00","R$ 0,00","R$ 0,00"
Farmácia,573,Equipamentos e Materiais Permanentes,1600,"R$ 11.000,00",,,"R$ 11.000,00","R$ 0,00","R$ 0,00","R$ 0,00","R$ 0,00","R$ 0,00","R$ 0,00","R$ 0,00","R$ 0,00","R$ 0,00",,,,,,,,,,,,,,,,,,,,,,,,,,,,"R$ 0,00","R$ 0,00","R$ 0,00"
Farmácia,574,Equipamentos e Materiais Permanentes,1621,"R$ 5.000,00","R$ 3.400,00",,"R$ 6.777,04","R$ 1.622,96","R$ 0,00","R$ 0,00","R$ 0,00","R$ 0,00","R$ 0,00","R$ 0,00","R$ 0,00","R$ 0,00",,,,,,,,,,,,,,,,,,,,,,,,,,,,"R$ 1.622,96","R$ 0,00","R$ 0,00"
Farmácia,575,Equipamentos e Materiais Permanentes,1631,"R$ 22.000,00",,,"R$ 22.000,00","R$ 0,00","R$ 0,00","R$ 0,00","R$ 0,00","R$ 0,00","R$ 0,00","R$ 0,00","R$ 0,00","R$ 0,00",,,,,,,,,,,,,,,,,,,,,,,,,,,,"R$ 0,00","R$ 0,00","R$ 0,00"
Farmácia,576,Contratação por tempo Determinado,1500,"R$ 11.000,00","R$ 11.000,00",,"R$ 633,85","R$ 7.122,05","R$ 7.122,05","R$ 7.122,05","R$ 7.122,05","R$ 7.122,05","R$ 7.122,05","R$ 7.122,05","R$ 7.122,05","R$ 7.122,05",,,,,,,,,,,,,,,,,,,,,,,,,,,,"R$ 21.366,15","R$ 21.366,15","R$ 21.366,15"
Farmácia,579,Vencimentos e Vantagens Fixas - Pessoal Civil,1500,"R$ 372.251,00",,,"R$ 294.536,32","R$ 25.442,18","R$ 25.442,18","R$ 25.442,18","R$ 25.395,38","R$ 25.395,38","R$ 25.395,38","R$ 26.877,12","R$ 26.877,12","R$ 26.877,12",,,,,,,,,,,,,,,,,,,,,,,,,,,,"R$ 77.714,68","R$ 77.714,68","R$ 77.714,68"
Farmácia,582,Obrigações Patronais,1500,"R$ 74.998,00",,,"R$ 55.037,77","R$ 6.657,84","R$ 6.657,84","R$ 0,00","R$ 6.654,08","R$ 6.654,08","R$ 6.657,84","R$ 6.648,31","R$ 6.648,31","R$ 6.654,08",,,,,,,,,,,,,,,,,,,,,,,,,,,,"R$ 19.960,23","R$ 19.960,23","R$ 13.311,92"
Farmácia,585,Outras Despesas Variáveis - Pessoal Civil,1500,"R$ 9.064,00",,,"R$ 9.064,00","R$ 0,00","R$ 0,00","R$ 0,00","R$ 0,00","R$ 0,00","R$ 0,00","R$ 0,00","R$ 0,00","R$ 0,00",,,,,,,,,,,,,,,,,,,,,,,,,,,,"R$ 0,00","R$ 0,00","R$ 0,00"
Farmácia,588,Diárias - Pessoal Civil,1500,"R$ 5.500,00",,,"R$ 5.500,00","R$ 0,00","R$ 0,00","R$ 0,00","R$ 0,00","R$ 0,00","R$ 0,00","R$ 0,00","R$ 0,00","R$ 0,00",,,,,,,,,,,,,,,,,,,,,,,,,,,,"R$ 0,00","R$ 0,00","R$ 0,00"
Farmácia,589,Materiais de Consumo,1500,"R$ 1.115.180,00",,,"R$ 860.785,26","R$ 233.268,82","R$ 0,00","R$ 0,00","R$ 10.391,41","R$ 19.725,62","R$ 137,56","R$ 10.734,51","R$ 144.968,79","R$ 1.164,78",,,,,,,,,,,,,,,,,,,,,,,,,,,,"R$ 254.394,74","R$ 164.694,41","R$ 1.302,34"
Farmácia,592,Serviços de Terceiro PF,1500,"R$ 5.500,00",,,"R$ 5.500,00","R$ 0,00","R$ 0,00","R$ 0,00","R$ 0,00","R$ 0,00","R$ 0,00","R$ 0,00","R$ 0,00","R$ 0,00",,,,,,,,,,,,,,,,,,,,,,,,,,,,"R$ 0,00","R$ 0,00","R$ 0,00"
Farmácia,595,Serviços de Terceiros PJ,1500,"R$ 737,00",,,"R$ 37,00","R$ 700,00","R$ 0,00","R$ 0,00","R$ 0,00","R$ 132,04","R$ 132,04","R$ 0,00","R$ 340,60","R$ 340,60",,,,,,,,,,,,,,,,,,,,,,,,,,,,"R$ 700,00","R$ 472,64","R$ 472,64"
Farmácia,598,Auxílio-Alimentação,1500,"R$ 30.404,00",,,"R$ 15.104,00","R$ 5.100,00","R$ 5.100,00","R$ 5.100,00","R$ 5.100,00","R$ 5.100,00","R$ 5.100,00","R$ 5.100,00","R$ 5.100,00","R$ 5.100,00",,,,,,,,,,,,,,,,,,,,,,,,,,,,"R$ 15.300,00","R$ 15.300,00","R$ 15.300,00"
Farmácia,577,Contratação por tempo Determinado,1600,"R$ 6.600,00",,,"R$ 6.600,00","R$ 0,00","R$ 0,00","R$ 0,00","R$ 0,00","R$ 0,00","R$ 0,00","R$ 0,00","R$ 0,00","R$ 0,00",,,,,,,,,,,,,,,,,,,,,,,,,,,,"R$ 0,00","R$ 0,00","R$ 0,00"
Farmácia,580,Vencimentos e Vantagens Fixas - Pessoal Civil,1600,"R$ 11.000,00",,,"R$ 11.000,00","R$ 0,00","R$ 0,00","R$ 0,00","R$ 0,00","R$ 0,00","R$ 0,00","R$ 0,00","R$ 0,00","R$ 0,00",,,,,,,,,,,,,,,,,,,,,,,,,,,,"R$ 0,00","R$ 0,00","R$ 0,00"
Farmácia,583,Obrigações Patronais,1600,"R$ 3.300,00",,,"R$ 3.300,00","R$ 0,00","R$ 0,00","R$ 0,00","R$ 0,00","R$ 0,00","R$ 0,00","R$ 0,00","R$ 0,00","R$ 0,00",,,,,,,,,,,,,,,,,,,,,,,,,,,,"R$ 0,00","R$ 0,00","R$ 0,00"
Farmácia,586,Outras Despesas Variáveis - Pessoal Civil,1600,"R$ 2.200,00",,,"R$ 2.200,00","R$ 0,00","R$ 0,00","R$ 0,00","R$ 0,00","R$ 0,00","R$ 0,00","R$ 0,00","R$ 0,00","R$ 0,00",,,,,,,,,,,,,,,,,,,,,,,,,,,,"R$ 0,00","R$ 0,00","R$ 0,00"
Farmácia,590,Materiais de Consumo,1600,"R$ 107.624,00",,,"R$ 10.755,86","R$ 0,00","R$ 0,00","R$ 0,00","R$ 96.868,14","R$ 0,00","R$ 0,00","R$ 0,00","R$ 56.232,98","R$ 49.435,84",,,,,,,,,,,,,,,,,,,,,,,,,,,,"R$ 96.868,14","R$ 56.232,98","R$ 49.435,84"
Farmácia,593,Serviços de Terceiro PF,1600,"R$ 5.500,00",,,"R$ 5.500,00","R$ 0,00","R$ 0,00","R$ 0,00","R$ 0,00","R$ 0,00","R$ 0,00","R$ 0,00","R$ 0,00","R$ 0,00",,,,,,,,,,,,,,,,,,,,,,,,,,,,"R$ 0,00","R$ 0,00","R$ 0,00"
Farmácia,596,Serviços de Terceiros PJ,1600,"R$ 5.500,00",,,"R$ 5.500,00","R$ 0,00","R$ 0,00","R$ 0,00","R$ 0,00","R$ 0,00","R$ 0,00","R$ 0,00","R$ 0,00","R$ 0,00",,,,,,,,,,,,,,,,,,,,,,,,,,,,"R$ 0,00","R$ 0,00","R$ 0,00"
Farmácia,599,Auxílio-Alimentação,1600,"R$ 1.100,00",,,"R$ 1.100,00","R$ 0,00","R$ 0,00","R$ 0,00","R$ 0,00","R$ 0,00","R$ 0,00","R$ 0,00","R$ 0,00","R$ 0,00",,,,,,,,,,,,,,,,,,,,,,,,,,,,"R$ 0,00","R$ 0,00","R$ 0,00"
Farmácia,578,Contratação por tempo Determinado,1621,"R$ 5.500,00",,,"R$ 5.500,00","R$ 0,00","R$ 0,00","R$ 0,00","R$ 0,00","R$ 0,00","R$ 0,00","R$ 0,00","R$ 0,00","R$ 0,00",,,,,,,,,,,,,,,,,,,,,,,,,,,,"R$ 0,00","R$ 0,00","R$ 0,00"
Farmácia,581,Vencimentos e Vantagens Fixas - Pessoal Civil,1621,"R$ 5.500,00",,,"R$ 5.500,00","R$ 0,00","R$ 0,00","R$ 0,00","R$ 0,00","R$ 0,00","R$ 0,00","R$ 0,00","R$ 0,00","R$ 0,00",,,,,,,,,,,,,,,,,,,,,,,,,,,,"R$ 0,00","R$ 0,00","R$ 0,00"
Farmácia,584,Obrigações Patronais,1621,"R$ 3.300,00",,,"R$ 3.300,00","R$ 0,00","R$ 0,00","R$ 0,00","R$ 0,00","R$ 0,00","R$ 0,00","R$ 0,00","R$ 0,00","R$ 0,00",,,,,,,,,,,,,,,,,,,,,,,,,,,,"R$ 0,00","R$ 0,00","R$ 0,00"
Farmácia,587,Outras Despesas Variáveis - Pessoal Civil,1621,"R$ 2.200,00",,,"R$ 2.200,00","R$ 0,00","R$ 0,00","R$ 0,00","R$ 0,00","R$ 0,00","R$ 0,00","R$ 0,00","R$ 0,00","R$ 0,00",,,,,,,,,,,,,,,,,,,,,,,,,,,,"R$ 0,00","R$ 0,00","R$ 0,00"
Farmácia,591,Materiais de Consumo,1621,"R$ 184.954,00",,,"R$ 78.659,34","R$ 30.181,80","R$ 0,00","R$ 0,00","R$ 0,00","R$ 9.276,00","R$ 111,31","R$ 76.112,86","R$ 20.905,80","R$ 30.070,49",,,,,,,,,,,,,,,,,,,,,,,,,,,,"R$ 106.294,66","R$ 30.181,80","R$ 30.181,80"
Farmácia,594,Serviços de Terceiro PF,1621,"R$ 5.500,00",,,"R$ 5.500,00","R$ 0,00","R$ 0,00","R$ 0,00","R$ 0,00","R$ 0,00","R$ 0,00","R$ 0,00","R$ 0,00","R$ 0,00",,,,,,,,,,,,,,,,,,,,,,,,,,,,"R$ 0,00","R$ 0,00","R$ 0,00"
Farmácia,597,Serviços de Terceiros PJ,1621,"R$ 125.422,00",,,"R$ 124.662,00","R$ 0,00","R$ 0,00","R$ 0,00","R$ 0,00","R$ 0,00","R$ 0,00","R$ 760,00","R$ 0,00","R$ 0,00",,,,,,,,,,,,,,,,,,,,,,,,,,,,"R$ 760,00","R$ 0,00","R$ 0,00"
Farmácia,600,Auxílio-Alimentação,1621,"R$ 1.100,00",,,"R$ 1.100,00","R$ 0,00","R$ 0,00","R$ 0,00","R$ 0,00","R$ 0,00","R$ 0,00","R$ 0,00","R$ 0,00","R$ 0,00",,,,,,,,,,,,,,,,,,,,,,,,,,,,"R$ 0,00","R$ 0,00","R$ 0,00"
Farmácia,601,Materiais de Consumo,1500,"R$ 10.978,00",,,"R$ 10.978,00","R$ 0,00","R$ 0,00","R$ 0,00","R$ 0,00","R$ 0,00","R$ 0,00","R$ 0,00","R$ 0,00","R$ 0,00",,,,,,,,,,,,,,,,,,,,,,,,,,,,"R$ 0,00","R$ 0,00","R$ 0,00"
Farmácia,602,Serviços de Terceiros PJ,1500,"R$ 5.335,00",,,"R$ 5.335,00","R$ 0,00","R$ 0,00","R$ 0,00","R$ 0,00","R$ 0,00","R$ 0,00","R$ 0,00","R$ 0,00","R$ 0,00",,,,,,,,,,,,,,,,,,,,,,,,,,,,"R$ 0,00","R$ 0,00","R$ 0,00"
Farmácia,603,Materiais de Consumo,1500,"R$ 11.000,00",,,"R$ 11.000,00","R$ 0,00","R$ 0,00","R$ 0,00","R$ 0,00","R$ 0,00","R$ 0,00","R$ 0,00","R$ 0,00","R$ 0,00",,,,,,,,,,,,,,,,,,,,,,,,,,,,"R$ 0,00","R$ 0,00","R$ 0,00"
Farmácia,604,Serviços de Terceiros PJ,1500,"R$ 5.500,00",,,"R$ 5.500,00","R$ 0,00","R$ 0,00","R$ 0,00","R$ 0,00","R$ 0,00","R$ 0,00","R$ 0,00","R$ 0,00","R$ 0,00",,,,,,,,,,,,,,,,,,,,,,,,,,,,"R$ 0,00","R$ 0,00","R$ 0,00"
MAC,605,Contribuições,1500,"R$ 132.000,00",,,"R$ 82.000,00","R$ 50.000,00","R$ 0,00","R$ 0,00","R$ 0,00","R$ 10.000,00","R$ 10.000,00","R$ 0,00","R$ 10.000,00","R$ 10.000,00",,,,,,,,,,,,,,,,,,,,,,,,,,,,"R$ 50.000,00","R$ 20.000,00","R$ 20.000,00"
MAC,606,Contribuições,1500,"R$ 11.000,00",,,"R$ 11.000,00","R$ 0,00","R$ 0,00","R$ 0,00","R$ 0,00","R$ 0,00","R$ 0,00","R$ 0,00","R$ 0,00","R$ 0,00",,,,,,,,,,,,,,,,,,,,,,,,,,,,"R$ 0,00","R$ 0,00","R$ 0,00"
MAC,607,Contribuições,1500,"R$ 220.000,00",,,"R$ 20.000,00","R$ 200.000,00","R$ 0,00","R$ 0,00","R$ 0,00","R$ 151.141,01","R$ 0,00","R$ 0,00","R$ 0,00","R$ 0,00",,,,,,,,,,,,,,,,,,,,,,,,,,,,"R$ 200.000,00","R$ 151.141,01","R$ 0,00"
MAC,609,Rateio Participação em Consórcio público,1500,"R$ 132.000,00",,,"R$ 132.000,00","R$ 0,00","R$ 0,00","R$ 0,00","R$ 0,00","R$ 0,00","R$ 0,00","R$ 0,00","R$ 0,00","R$ 0,00",,,,,,,,,,,,,,,,,,,,,,,,,,,,"R$ 0,00","R$ 0,00","R$ 0,00"
MAC,608,Contribuições,1600,"R$ 1,00","R$ 93.000,00",,"R$ 48.001,00","R$ 0,00","R$ 0,00","R$ 0,00","R$ 0,00","R$ 0,00","R$ 0,00","R$ 45.000,00","R$ 45.000,00","R$ 45.000,00",,,,,,,,,,,,,,,,,,,,,,,,,,,,"R$ 45.000,00","R$ 45.000,00","R$ 45.000,00"
MAC,1040,Contribuições,1600,"R$ 0,00","R$ 16.700,00",,"R$ 4.003,17","R$ 0,00","R$ 0,00","R$ 0,00","R$ 0,00","R$ 0,00","R$ 0,00","R$ 12.696,83","R$ 12.696,83","R$ 12.696,83",,,,,,,,,,,,,,,,,,,,,,,,,,,,"R$ 12.696,83","R$ 12.696,83","R$ 12.696,83"
MAC,610,Contribuições,1621,"R$ 22.000,00",,"R$ 12.700,00","R$ 9.300,00","R$ 0,00","R$ 0,00","R$ 0,00","R$ 0,00","R$ 0,00","R$ 0,00","R$ 0,00","R$ 0,00","R$ 0,00",,,,,,,,,,,,,,,,,,,,,,,,,,,,"R$ 0,00","R$ 0,00","R$ 0,00"
MAC,611,Contribuições,1500,"R$ 88.000,00",,,"R$ 88.000,00","R$ 0,00","R$ 0,00","R$ 0,00","R$ 0,00","R$ 0,00","R$ 0,00","R$ 0,00","R$ 0,00","R$ 0,00",,,,,,,,,,,,,,,,,,,,,,,,,,,,"R$ 0,00","R$ 0,00","R$ 0,00"
MAC,613,Subvenções Econômicas,1500,"R$ 50.000,00",,,"R$ 50.000,00","R$ 0,00","R$ 0,00","R$ 0,00","R$ 0,00","R$ 0,00","R$ 0,00","R$ 0,00","R$ 0,00","R$ 0,00",,,,,,,,,,,,,,,,,,,,,,,,,,,,"R$ 0,00","R$ 0,00","R$ 0,00"
MAC,612,Contribuições,1600,"R$ 110.000,00",,,"R$ 110.000,00","R$ 0,00","R$ 0,00","R$ 0,00","R$ 0,00","R$ 0,00","R$ 0,00","R$ 0,00","R$ 0,00","R$ 0,00",,,,,,,,,,,,,,,,,,,,,,,,,,,,"R$ 0,00","R$ 0,00","R$ 0,00"
MAC,614,Contribuições,1621,"R$ 1.000,00",,,"R$ 1.000,00","R$ 0,00","R$ 0,00","R$ 0,00","R$ 0,00","R$ 0,00","R$ 0,00","R$ 0,00","R$ 0,00","R$ 0,00",,,,,,,,,,,,,,,,,,,,,,,,,,,,"R$ 0,00","R$ 0,00","R$ 0,00"
MAC,686,Contribuições,1621,"R$ 22.000,00",,"R$ 10.000,00","R$ 12.000,00","R$ 0,00","R$ 0,00","R$ 0,00","R$ 0,00","R$ 0,00","R$ 0,00","R$ 0,00","R$ 0,00","R$ 0,00",,,,,,,,,,,,,,,,,,,,,,,,,,,,"R$ 0,00","R$ 0,00","R$ 0,00"
MAC,615,Contribuições,1500,"R$ 44.000,00",,,"R$ 44.000,00","R$ 0,00","R$ 0,00","R$ 0,00","R$ 0,00","R$ 0,00","R$ 0,00","R$ 0,00","R$ 0,00","R$ 0,00",,,,,,,,,,,,,,,,,,,,,,,,,,,,"R$ 0,00","R$ 0,00","R$ 0,00"
MAC,616,Contribuições,1500,"R$ 154.000,00",,,"R$ 154.000,00","R$ 0,00","R$ 0,00","R$ 0,00","R$ 0,00","R$ 0,00","R$ 0,00","R$ 0,00","R$ 0,00","R$ 0,00",,,,,,,,,,,,,,,,,,,,,,,,,,,,"R$ 0,00","R$ 0,00","R$ 0,00"
MAC,617,Equipamentos e Materiais Permanentes,1500,"R$ 62.920,00",,,"R$ 62.920,00","R$ 0,00","R$ 0,00","R$ 0,00","R$ 0,00","R$ 0,00","R$ 0,00","R$ 0,00","R$ 0,00","R$ 0,00",,,,,,,,,,,,,,,,,,,,,,,,,,,,"R$ 0,00","R$ 0,00","R$ 0,00"
MAC,618,Equipamentos e Materiais Permanentes,1600,"R$ 35.200,00",,,"R$ 35.200,00","R$ 0,00","R$ 0,00","R$ 0,00","R$ 0,00","R$ 0,00","R$ 0,00","R$ 0,00","R$ 0,00","R$ 0,00",,,,,,,,,,,,,,,,,,,,,,,,,,,,"R$ 0,00","R$ 0,00","R$ 0,00"
MAC,619,Equipamentos e Materiais Permanentes,1621,"R$ 22.000,00",,"R$ 21.000,00","R$ 1.000,00","R$ 0,00","R$ 0,00","R$ 0,00","R$ 0,00","R$ 0,00","R$ 0,00","R$ 0,00","R$ 0,00","R$ 0,00",,,,,,,,,,,,,,,,,,,,,,,,,,,,"R$ 0,00","R$ 0,00","R$ 0,00"
MAC,620,Equipamentos e Materiais Permanentes,1631,"R$ 64.240,00",,,"R$ 64.240,00","R$ 0,00","R$ 0,00","R$ 0,00","R$ 0,00","R$ 0,00","R$ 0,00","R$ 0,00","R$ 0,00","R$ 0,00",,,,,,,,,,,,,,,,,,,,,,,,,,,,"R$ 0,00","R$ 0,00","R$ 0,00"
MAC,1035,Equipamentos e Materiais Permanentes,2621,"R$ 0,00","R$ 185.528,90",,"R$ 184.798,90","R$ 0,00","R$ 0,00","R$ 0,00","R$ 0,00","R$ 0,00","R$ 0,00","R$ 730,00","R$ 0,00","R$ 0,00",,,,,,,,,,,,,,,,,,,,,,,,,,,,"R$ 730,00","R$ 0,00","R$ 0,00"
MAC,621,Contratação por tempo Determinado,1500,"R$ 228.800,00",,,"R$ 164.568,86","R$ 21.582,59","R$ 21.582,59","R$ 17.946,09","R$ 21.564,02","R$ 21.564,02","R$ 21.564,02","R$ 21.084,53","R$ 21.084,53","R$ 21.084,53",,,,,,,,,,,,,,,,,,,,,,,,,,,,"R$ 64.231,14","R$ 64.231,14","R$ 60.594,64"
MAC,624,Vencimentos e Vantagens Fixas - Pessoal Civil,1500,"R$ 3.969.739,88",,,"R$ 2.980.636,80","R$ 365.325,77","R$ 363.045,74","R$ 353.937,89","R$ 317.989,16","R$ 320.269,19","R$ 320.269,19","R$ 305.788,15","R$ 305.788,15","R$ 305.788,15",,,,,,,,,,,,,,,,,,,,,,,,,,,,"R$ 989.103,08","R$ 989.103,08","R$ 979.995,23"
MAC,628,Obrigações Patronais,1500,"R$ 878.427,00",,,"R$ 662.637,30","R$ 79.521,73","R$ 79.521,73","R$ 0,00","R$ 68.617,10","R$ 68.617,10","R$ 79.808,81","R$ 67.650,87","R$ 67.650,87","R$ 68.330,02",,,,,,,,,,,,,,,,,,,,,,,,,,,,"R$ 215.789,70","R$ 215.789,70","R$ 148.138,83"
MAC,631,Outras Despesas Variáveis - Pessoal Civil,1500,"R$ 1.206.741,68",,,"R$ 1.206.741,68","R$ 0,00","R$ 0,00","R$ 0,00","R$ 0,00","R$ 0,00","R$ 0,00","R$ 0,00","R$ 0,00","R$ 0,00",,,,,,,,,,,,,,,,,,,,,,,,,,,,"R$ 0,00","R$ 0,00","R$ 0,00"
MAC,634,Indenizações e Restituições Trabalhistas,1500,"R$ 32.384,00",,,"R$ 32.384,00","R$ 0,00","R$ 0,00","R$ 0,00","R$ 0,00","R$ 0,00","R$ 0,00","R$ 0,00","R$ 0,00","R$ 0,00",,,,,,,,,,,,,,,,,,,,,,,,,,,,"R$ 0,00","R$ 0,00","R$ 0,00"
MAC,635,Contribuições,1500,"R$ 11.000,00",,,"R$ 11.000,00","R$ 0,00","R$ 0,00","R$ 0,00","R$ 0,00","R$ 0,00","R$ 0,00","R$ 0,00","R$ 0,00","R$ 0,00",,,,,,,,,,,,,,,,,,,,,,,,,,,,"R$ 0,00","R$ 0,00","R$ 0,00"
MAC,636,Diárias - Pessoal Civil,1500,"R$ 173.261,00",,,"R$ 103.256,30","R$ 69.932,44","R$ 2.318,33","R$ 1.844,52","R$ 0,00","R$ 13.644,17","R$ 13.489,30","R$ 72,26","R$ 18.321,89","R$ 13.925,13",,,,,,,,,,,,,,,,,,,,,,,,,,,,"R$ 70.004,70","R$ 34.284,39","R$ 29.258,95"
MAC,638,Materiais de Consumo,1500,"R$ 896.060,00",,,"R$ 746.453,62","R$ 69.171,85","R$ 305,84","R$ 3,67","R$ 51.348,39","R$ 30.510,96","R$ 658,17","R$ 29.086,14","R$ 87.602,77","R$ 8.160,53",,,,,,,,,,,,,,,,,,,,,,,,,,,,"R$ 149.606,38","R$ 118.419,57","R$ 8.822,37"
MAC,641,Outras Despesas de Pessoal decorrentes de Contratos,1500,"R$ 4.400.000,00",,,"R$ 3.008.200,00","R$ 1.391.800,00","R$ 0,00","R$ 0,00","R$ 0,00","R$ 317.330,40","R$ 117.330,40","R$ 0,00","R$ 326.917,80","R$ 203.923,01",,,,,,,,,,,,,,,,,,,,,,,,,,,,"R$ 1.391.800,00","R$ 644.248,20","R$ 321.253,41"
MAC,642,Serviços de Terceiro PF,1500,"R$ 1.507,00","R$ 25.000,00",,"R$ 18.107,00","R$ 0,00","R$ 0,00","R$ 0,00","R$ 8.400,00","R$ 0,00","R$ 0,00","R$ 0,00","R$ 2.100,00","R$ 31,50",,,,,,,,,,,,,,,,,,,,,,,,,,,,"R$ 8.400,00","R$ 2.100,00","R$ 31,50"
MAC,645,Serviços de Terceiros PJ,1500,"R$ 2.420.000,00",,"R$ 25.000,00","R$ 1.818.370,36","R$ 310.224,77","R$ 2.565,57","R$ 1.515,55","R$ 220.436,78","R$ 86.271,23","R$ 43.689,62","R$ 45.968,09","R$ 109.481,71","R$ 52.405,69",,,,,,,,,,,,,,,,,,,,,,,,,,,,"R$ 576.629,64","R$ 198.318,51","R$ 97.610,86"
MAC,648,Outros Auxílios  financeiros PF,1500,"R$ 305.195,00",,,"R$ 172.991,67","R$ 45.503,33","R$ 45.503,33","R$ 45.248,33","R$ 43.350,00","R$ 43.350,00","R$ 43.350,00","R$ 43.350,00","R$ 43.350,00","R$ 43.350,00",,,,,,,,,,,,,,,,,,,,,,,,,,,,"R$ 132.203,33","R$ 132.203,33","R$ 131.948,33"
MAC,622,Contratação por tempo Determinado,1600,"R$ 55.000,00",,,"R$ 55.000,00","R$ 0,00","R$ 0,00","R$ 0,00","R$ 0,00","R$ 0,00","R$ 0,00","R$ 0,00","R$ 0,00","R$ 0,00",,,,,,,,,,,,,,,,,,,,,,,,,,,,"R$ 0,00","R$ 0,00","R$ 0,00"
MAC,625,Vencimentos e Vantagens Fixas - Pessoal Civil,1600,"R$ 110.000,00",,,"R$ 110.000,00","R$ 0,00","R$ 0,00","R$ 0,00","R$ 0,00","R$ 0,00","R$ 0,00","R$ 0,00","R$ 0,00","R$ 0,00",,,,,,,,,,,,,,,,,,,,,,,,,,,,"R$ 0,00","R$ 0,00","R$ 0,00"
MAC,629,Obrigações Patronais,1600,"R$ 66.000,00",,"R$ 48.000,00","R$ 18.000,00","R$ 0,00","R$ 0,00","R$ 0,00","R$ 0,00","R$ 0,00","R$ 0,00","R$ 0,00","R$ 0,00","R$ 0,00",,,,,,,,,,,,,,,,,,,,,,,,,,,,"R$ 0,00","R$ 0,00","R$ 0,00"
MAC,632,Outras Despesas Variáveis - Pessoal Civil,1600,"R$ 5.500,00",,,"R$ 5.500,00","R$ 0,00","R$ 0,00","R$ 0,00","R$ 0,00","R$ 0,00","R$ 0,00","R$ 0,00","R$ 0,00","R$ 0,00",,,,,,,,,,,,,,,,,,,,,,,,,,,,"R$ 0,00","R$ 0,00","R$ 0,00"
MAC,637,Diárias - Pessoal Civil,1600,"R$ 2.200,00",,,"R$ 2.200,00","R$ 0,00","R$ 0,00","R$ 0,00","R$ 0,00","R$ 0,00","R$ 0,00","R$ 0,00","R$ 0,00","R$ 0,00",,,,,,,,,,,,,,,,,,,,,,,,,,,,"R$ 0,00","R$ 0,00","R$ 0,00"
MAC,639,Materiais de Consumo,1600,"R$ 682,00","R$ 107.000,00",,"R$ 35.955,88","R$ 0,00","R$ 0,00","R$ 0,00","R$ 13.157,38","R$ 0,00","R$ 0,00","R$ 58.568,74","R$ 7.291,90","R$ 4.553,97",,,,,,,,,,,,,,,,,,,,,,,,,,,,"R$ 71.726,12","R$ 7.291,90","R$ 4.553,97"
MAC,643,Serviços de Terceiro PF,1600,"R$ 5.500,00",,,"R$ 5.500,00","R$ 0,00","R$ 0,00","R$ 0,00","R$ 0,00","R$ 0,00","R$ 0,00","R$ 0,00","R$ 0,00","R$ 0,00",,,,,,,,,,,,,,,,,,,,,,,,,,,,"R$ 0,00","R$ 0,00","R$ 0,00"
MAC,646,Serviços de Terceiros PJ,1600,"R$ 16.500,00","R$ 101.000,00",,"R$ 5.772,78","R$ 0,00","R$ 0,00","R$ 0,00","R$ 100.877,37","R$ 11.901,12","R$ 499,84","R$ 10.849,85","R$ 49.947,53","R$ 47.097,22",,,,,,,,,,,,,,,,,,,,,,,,,,,,"R$ 111.727,22","R$ 61.848,65","R$ 47.597,06"
MAC,649,Auxílio-Alimentação,1600,"R$ 1.100,00",,,"R$ 1.100,00","R$ 0,00","R$ 0,00","R$ 0,00","R$ 0,00","R$ 0,00","R$ 0,00","R$ 0,00","R$ 0,00","R$ 0,00",,,,,,,,,,,,,,,,,,,,,,,,,,,,"R$ 0,00","R$ 0,00","R$ 0,00"
MAC,626,Vencimentos e Vantagens Fixas - Pessoal Civil,1605,"R$ 20.000,00","R$ 21.000,00",,"R$ 172,68","R$ 15.218,18","R$ 13.768,82","R$ 13.768,82","R$ 13.768,92","R$ 15.218,28","R$ 15.218,28","R$ 11.840,22","R$ 11.840,22","R$ 11.840,22",,,,,,,,,,,,,,,,,,,,,,,,,,,,"R$ 40.827,32","R$ 40.827,32","R$ 40.827,32"
MAC,623,Contratação por tempo Determinado,1621,"R$ 11.000,00",,,"R$ 11.000,00","R$ 0,00","R$ 0,00","R$ 0,00","R$ 0,00","R$ 0,00","R$ 0,00","R$ 0,00","R$ 0,00","R$ 0,00",,,,,,,,,,,,,,,,,,,,,,,,,,,,"R$ 0,00","R$ 0,00","R$ 0,00"
MAC,627,Vencimentos e Vantagens Fixas - Pessoal Civil,1621,"R$ 11.000,00",,,"R$ 11.000,00","R$ 0,00","R$ 0,00","R$ 0,00","R$ 0,00","R$ 0,00","R$ 0,00","R$ 0,00","R$ 0,00","R$ 0,00",,,,,,,,,,,,,,,,,,,,,,,,,,,,"R$ 0,00","R$ 0,00","R$ 0,00"
MAC,630,Obrigações Patronais,1621,"R$ 5.500,00",,,"R$ 5.500,00","R$ 0,00","R$ 0,00","R$ 0,00","R$ 0,00","R$ 0,00","R$ 0,00","R$ 0,00","R$ 0,00","R$ 0,00",,,,,,,,,,,,,,,,,,,,,,,,,,,,"R$ 0,00","R$ 0,00","R$ 0,00"
MAC,633,Outras Despesas Variáveis - Pessoal Civil,1621,"R$ 1.100,00",,,"R$ 1.100,00","R$ 0,00","R$ 0,00","R$ 0,00","R$ 0,00","R$ 0,00","R$ 0,00","R$ 0,00","R$ 0,00","R$ 0,00",,,,,,,,,,,,,,,,,,,,,,,,,,,,"R$ 0,00","R$ 0,00","R$ 0,00"
MAC,640,Materiais de Consumo,1621,"R$ 418,00","R$ 2.000,00",,"R$ 2.418,00","R$ 0,00","R$ 0,00","R$ 0,00","R$ 0,00","R$ 0,00","R$ 0,00","R$ 0,00","R$ 0,00","R$ 0,00",,,,,,,,,,,,,,,,,,,,,,,,,,,,"R$ 0,00","R$ 0,00","R$ 0,00"
MAC,644,Serviços de Terceiro PF,1621,"R$ 5.500,00",,,"R$ 5.500,00","R$ 0,00","R$ 0,00","R$ 0,00","R$ 0,00","R$ 0,00","R$ 0,00","R$ 0,00","R$ 0,00","R$ 0,00",,,,,,,,,,,,,,,,,,,,,,,,,,,,"R$ 0,00","R$ 0,00","R$ 0,00"
MAC,647,Serviços de Terceiros PJ,1621,"R$ 647.889,00",,,"R$ 569.520,20","R$ 77.968,80","R$ 3.339,36","R$ 160,29","R$ 0,00","R$ 11.734,78","R$ 14.913,85","R$ 400,00","R$ 0,00","R$ 0,00",,,,,,,,,,,,,,,,,,,,,,,,,,,,"R$ 78.368,80","R$ 15.074,14","R$ 15.074,14"
MAC,650,Auxílio-Alimentação,1621,"R$ 1.100,00",,,"R$ 1.100,00","R$ 0,00","R$ 0,00","R$ 0,00","R$ 0,00","R$ 0,00","R$ 0,00","R$ 0,00","R$ 0,00","R$ 0,00",,,,,,,,,,,,,,,,,,,,,,,,,,,,"R$ 0,00","R$ 0,00","R$ 0,00"
MAC,1036,Materiais de Consumo,2621,"R$ 0,00","R$ 144.830,00",,"R$ 135.685,63","R$ 0,00","R$ 0,00","R$ 0,00","R$ 0,00","R$ 0,00","R$ 0,00","R$ 9.144,37","R$ 0,00","R$ 0,00",,,,,,,,,,,,,,,,,,,,,,,,,,,,"R$ 9.144,37","R$ 0,00","R$ 0,00"
MAC,651,Contratação por tempo Determinado,1500,"R$ 170.731,00",,,"R$ 170.731,00","R$ 0,00","R$ 0,00","R$ 0,00","R$ 0,00","R$ 0,00","R$ 0,00","R$ 0,00","R$ 0,00","R$ 0,00",,,,,,,,,,,,,,,,,,,,,,,,,,,,"R$ 0,00","R$ 0,00","R$ 0,00"
MAC,654,Vencimentos e Vantagens Fixas - Pessoal Civil,1500,"R$ 630.993,00",,,"R$ 514.815,04","R$ 48.345,25","R$ 48.345,25","R$ 48.345,25","R$ 22.354,25","R$ 22.354,25","R$ 22.354,25","R$ 45.478,46","R$ 45.478,46","R$ 45.478,46",,,,,,,,,,,,,,,,,,,,,,,,,,,,"R$ 116.177,96","R$ 116.177,96","R$ 116.177,96"
MAC,658,Obrigações Patronais,1500,"R$ 181.258,00",,,"R$ 120.409,12","R$ 19.848,08","R$ 19.848,08","R$ 0,00","R$ 21.136,63","R$ 21.136,63","R$ 19.864,79","R$ 19.864,17","R$ 19.864,17","R$ 21.141,31",,,,,,,,,,,,,,,,,,,,,,,,,,,,"R$ 60.848,88","R$ 60.848,88","R$ 41.006,10"
MAC,661,Outras Despesas Variáveis - Pessoal Civil,1500,"R$ 5.500,00",,,"R$ 5.500,00","R$ 0,00","R$ 0,00","R$ 0,00","R$ 0,00","R$ 0,00","R$ 0,00","R$ 0,00","R$ 0,00","R$ 0,00",,,,,,,,,,,,,,,,,,,,,,,,,,,,"R$ 0,00","R$ 0,00","R$ 0,00"
MAC,664,Diárias - Pessoal Civil,1500,"R$ 5.500,00",,,"R$ 5.500,00","R$ 0,00","R$ 0,00","R$ 0,00","R$ 0,00","R$ 0,00","R$ 0,00","R$ 0,00","R$ 0,00","R$ 0,00",,,,,,,,,,,,,,,,,,,,,,,,,,,,"R$ 0,00","R$ 0,00","R$ 0,00"
MAC,667,Materiais de Consumo,1500,"R$ 6.182,00",,,"R$ 6.182,00","R$ 0,00","R$ 0,00","R$ 0,00","R$ 0,00","R$ 0,00","R$ 0,00","R$ 0,00","R$ 0,00","R$ 0,00",,,,,,,,,,,,,,,,,,,,,,,,,,,,"R$ 0,00","R$ 0,00","R$ 0,00"
MAC,670,Serviços de Terceiro PF,1500,"R$ 36.872,00",,,"R$ 36.872,00","R$ 8.327,91","R$ 0,00","R$ 0,00","R$ 0,00","R$ 0,00","R$ 0,00","-R$ 8.327,91","R$ 0,00","R$ 0,00",,,,,,,,,,,,,,,,,,,,,,,,,,,,"R$ 0,00","R$ 0,00","R$ 0,00"
MAC,673,Serviços de Terceiros PJ,1500,"R$ 2.519,00",,,"R$ 1.519,00","R$ 1.000,00","R$ 0,00","R$ 0,00","R$ 0,00","R$ 106,73","R$ 106,73","R$ 0,00","R$ 108,27","R$ 108,27",,,,,,,,,,,,,,,,,,,,,,,,,,,,"R$ 1.000,00","R$ 215,00","R$ 215,00"
MAC,676,Auxílio-Alimentação,1500,"R$ 37.598,00",,,"R$ 24.848,00","R$ 5.100,00","R$ 5.100,00","R$ 5.100,00","R$ 2.550,00","R$ 2.550,00","R$ 2.550,00","R$ 5.100,00","R$ 5.100,00","R$ 5.100,00",,,,,,,,,,,,,,,,,,,,,,,,,,,,"R$ 12.750,00","R$ 12.750,00","R$ 12.750,00"
MAC,652,Contratação por tempo Determinado,1600,"R$ 35.970,00",,,"R$ 35.970,00","R$ 0,00","R$ 0,00","R$ 0,00","R$ 0,00","R$ 0,00","R$ 0,00","R$ 0,00","R$ 0,00","R$ 0,00",,,,,,,,,,,,,,,,,,,,,,,,,,,,"R$ 0,00","R$ 0,00","R$ 0,00"
MAC,655,Vencimentos e Vantagens Fixas - Pessoal Civil,1600,"R$ 397.441,00",,,"R$ 264.939,34","R$ 31.538,04","R$ 31.538,04","R$ 31.538,04","R$ 65.845,54","R$ 65.845,54","R$ 65.845,54","R$ 35.118,08","R$ 35.118,08","R$ 35.118,08",,,,,,,,,,,,,,,,,,,,,,,,,,,,"R$ 132.501,66","R$ 132.501,66","R$ 132.501,66"
MAC,659,Obrigações Patronais,1600,"R$ 33.737,00",,,"R$ 33.737,00","R$ 0,00","R$ 0,00","R$ 0,00","R$ 0,00","R$ 0,00","R$ 0,00","R$ 0,00","R$ 0,00","R$ 0,00",,,,,,,,,,,,,,,,,,,,,,,,,,,,"R$ 0,00","R$ 0,00","R$ 0,00"
MAC,662,Outras Despesas Variáveis - Pessoal Civil,1600,"R$ 7.040,00",,,"R$ 7.040,00","R$ 0,00","R$ 0,00","R$ 0,00","R$ 0,00","R$ 0,00","R$ 0,00","R$ 0,00","R$ 0,00","R$ 0,00",,,,,,,,,,,,,,,,,,,,,,,,,,,,"R$ 0,00","R$ 0,00","R$ 0,00"
MAC,665,Diárias - Pessoal Civil,1600,"R$ 5.500,00",,,"R$ 5.500,00","R$ 0,00","R$ 0,00","R$ 0,00","R$ 0,00","R$ 0,00","R$ 0,00","R$ 0,00","R$ 0,00","R$ 0,00",,,,,,,,,,,,,,,,,,,,,,,,,,,,"R$ 0,00","R$ 0,00","R$ 0,00"
MAC,668,Materiais de Consumo,1600,"R$ 6.600,00",,,"R$ 6.600,00","R$ 0,00","R$ 0,00","R$ 0,00","R$ 0,00","R$ 0,00","R$ 0,00","R$ 0,00","R$ 0,00","R$ 0,00",,,,,,,,,,,,,,,,,,,,,,,,,,,,"R$ 0,00","R$ 0,00","R$ 0,00"
MAC,671,Serviços de Terceiro PF,1600,"R$ 5.500,00",,,"R$ 5.500,00","R$ 0,00","R$ 0,00","R$ 0,00","R$ 0,00","R$ 0,00","R$ 0,00","R$ 0,00","R$ 0,00","R$ 0,00",,,,,,,,,,,,,,,,,,,,,,,,,,,,"R$ 0,00","R$ 0,00","R$ 0,00"
MAC,674,Serviços de Terceiros PJ,1600,"R$ 3.234,00",,,"R$ 3.234,00","R$ 0,00","R$ 0,00","R$ 0,00","R$ 0,00","R$ 0,00","R$ 0,00","R$ 0,00","R$ 0,00","R$ 0,00",,,,,,,,,,,,,,,,,,,,,,,,,,,,"R$ 0,00","R$ 0,00","R$ 0,00"
MAC,677,Auxílio-Alimentação,1600,"R$ 23.089,00",,,"R$ 10.339,00","R$ 3.400,00","R$ 3.400,00","R$ 3.400,00","R$ 5.950,00","R$ 5.950,00","R$ 5.950,00","R$ 3.400,00","R$ 3.400,00","R$ 3.400,00",,,,,,,,,,,,,,,,,,,,,,,,,,,,"R$ 12.750,00","R$ 12.750,00","R$ 12.750,00"
MAC,656,Vencimentos e Vantagens Fixas - Pessoal Civil,1605,"R$ 55.000,00",,"R$ 10.000,00","R$ 42.986,82","R$ 724,68","R$ 724,68","R$ 724,68","R$ 724,68","R$ 724,68","R$ 724,68","R$ 563,82","R$ 563,82","R$ 563,82",,,,,,,,,,,,,,,,,,,,,,,,,,,,"R$ 2.013,18","R$ 2.013,18","R$ 2.013,18"
MAC,653,Contratação por tempo Determinado,1621,"R$ 179.993,00",,,"R$ 179.993,00","R$ 0,00","R$ 0,00","R$ 0,00","R$ 0,00","R$ 0,00","R$ 0,00","R$ 0,00","R$ 0,00","R$ 0,00",,,,,,,,,,,,,,,,,,,,,,,,,,,,"R$ 0,00","R$ 0,00","R$ 0,00"
MAC,657,Vencimentos e Vantagens Fixas - Pessoal Civil,1621,"R$ 11.000,00",,,"R$ 11.000,00","R$ 0,00","R$ 0,00","R$ 0,00","R$ 0,00","R$ 0,00","R$ 0,00","R$ 0,00","R$ 0,00","R$ 0,00",,,,,,,,,,,,,,,,,,,,,,,,,,,,"R$ 0,00","R$ 0,00","R$ 0,00"
MAC,660,Obrigações Patronais,1621,"R$ 11.000,00",,,"R$ 11.000,00","R$ 0,00","R$ 0,00","R$ 0,00","R$ 0,00","R$ 0,00","R$ 0,00","R$ 0,00","R$ 0,00","R$ 0,00",,,,,,,,,,,,,,,,,,,,,,,,,,,,"R$ 0,00","R$ 0,00","R$ 0,00"
MAC,663,Outras Despesas Variáveis - Pessoal Civil,1621,"R$ 1.100,00",,,"R$ 1.100,00","R$ 0,00","R$ 0,00","R$ 0,00","R$ 0,00","R$ 0,00","R$ 0,00","R$ 0,00","R$ 0,00","R$ 0,00",,,,,,,,,,,,,,,,,,,,,,,,,,,,"R$ 0,00","R$ 0,00","R$ 0,00"
MAC,666,Diárias - Pessoal Civil,1621,"R$ 2.508,00",,,"R$ 2.508,00","R$ 0,00","R$ 0,00","R$ 0,00","R$ 0,00","R$ 0,00","R$ 0,00","R$ 0,00","R$ 0,00","R$ 0,00",,,,,,,,,,,,,,,,,,,,,,,,,,,,"R$ 0,00","R$ 0,00","R$ 0,00"
MAC,669,Materiais de Consumo,1621,"R$ 65.978,00",,,"R$ 45.214,48","R$ 18.974,09","R$ 0,00","R$ 0,00","R$ 1.684,49","R$ 1.515,00","R$ 1.500,30","R$ 104,94","R$ 12.163,70","R$ 197,80",,,,,,,,,,,,,,,,,,,,,,,,,,,,"R$ 20.763,52","R$ 13.678,70","R$ 1.698,10"
MAC,672,Serviços de Terceiro PF,1621,"R$ 1.100,00","R$ 15.000,00",,"R$ 2.220,15","R$ 8.327,91","R$ 0,00","R$ 0,00","R$ 0,00","R$ 2.775,97","R$ 2.775,97","R$ 5.551,94","R$ 5.551,94","R$ 2.817,61",,,,,,,,,,,,,,,,,,,,,,,,,,,,"R$ 13.879,85","R$ 8.327,91","R$ 5.593,58"
MAC,675,Serviços de Terceiros PJ,1621,"R$ 116.358,00",,,"R$ 3.813,60","R$ 112.030,40","R$ 0,00","R$ 0,00","R$ 514,00","R$ 47.255,20","R$ 32.315,20","R$ 0,00","R$ 0,00","R$ 14.940,00",,,,,,,,,,,,,,,,,,,,,,,,,,,,"R$ 112.544,40","R$ 47.255,20","R$ 47.255,20"
MAC,678,Rateio Participação em Consórcio público,1500,"R$ 83.083,00",,,"R$ 21.325,00","R$ 61.758,00","R$ 5.146,50","R$ 0,00","R$ 0,00","R$ 5.146,50","R$ 10.293,00","R$ 0,00","R$ 5.146,50","R$ 5.146,50",,,,,,,,,,,,,,,,,,,,,,,,,,,,"R$ 61.758,00","R$ 15.439,50","R$ 15.439,50"
MAC,679,Rateio Participação em Consórcio público,1500,"R$ 5.500,00",,,"R$ 5.500,00","R$ 0,00","R$ 0,00","R$ 0,00","R$ 0,00","R$ 0,00","R$ 0,00","R$ 0,00","R$ 0,00","R$ 0,00",,,,,,,,,,,,,,,,,,,,,,,,,,,,"R$ 0,00","R$ 0,00","R$ 0,00"
MAC,680,Outros Auxílios  financeiros PF,1500,"R$ 45.100,00",,,"R$ 38.695,00","R$ 2.425,00","R$ 1.400,00","R$ 1.100,00","R$ 1.605,00","R$ 1.500,00","R$ 1.475,00","R$ 2.375,00","R$ 2.405,00","R$ 2.605,00",,,,,,,,,,,,,,,,,,,,,,,,,,,,"R$ 6.405,00","R$ 5.305,00","R$ 5.180,00"
MAC,681,Contribuições,1600,"R$ 4.400.000,00",,,"R$ 3.069.375,57","R$ 712.893,93","R$ 315.165,33","R$ 315.165,33","R$ 402.867,72","R$ 312.789,81","R$ 312.789,81","R$ 214.862,78","R$ 323.144,80","R$ 323.144,80",,,,,,,,,,,,,,,,,,,,,,,,,,,,"R$ 1.330.624,43","R$ 951.099,94","R$ 951.099,94"
MAC,682,Contribuições,1605,"R$ 550.000,00",,"R$ 11.000,00","R$ 178.527,46","R$ 171.688,54","R$ 93.260,79","R$ 93.260,79","R$ 104.880,00","R$ 0,00","R$ 0,00","R$ 83.904,00","R$ 173.756,68","R$ 173.756,68",,,,,,,,,,,,,,,,,,,,,,,,,,,,"R$ 360.472,54","R$ 267.017,47","R$ 267.017,47"
MAC,683,Contribuições,1621,"R$ 4.400.000,00",,,"R$ 2.195.243,59","R$ 1.533.310,21","R$ 478.560,41","R$ 478.560,41","R$ 268.578,48","R$ 933.957,62","R$ 933.957,62","R$ 402.867,72","R$ 101.914,73","R$ 101.914,73",,,,,,,,,,,,,,,,,,,,,,,,,,,,"R$ 2.204.756,41","R$ 1.514.432,76","R$ 1.514.432,76"
MAC,684,Serviços de Terceiros PJ,1621,"R$ 1.100.000,00",,"R$ 225.000,00","R$ 875.000,00","R$ 0,00","R$ 0,00","R$ 0,00","R$ 0,00","R$ 0,00","R$ 0,00","R$ 0,00","R$ 0,00","R$ 0,00",,,,,,,,,,,,,,,,,,,,,,,,,,,,"R$ 0,00","R$ 0,00","R$ 0,00"
MAC,685,Auxílios,1621,"R$ 110.000,00",,,"R$ 110.000,00","R$ 0,00","R$ 0,00","R$ 0,00","R$ 0,00","R$ 0,00","R$ 0,00","R$ 0,00","R$ 0,00","R$ 0,00",,,,,,,,,,,,,,,,,,,,,,,,,,,,"R$ 0,00","R$ 0,00","R$ 0,00"
Secretaria,687,Contribuições,1500,"R$ 22.000,00",,,"R$ 22.000,00","R$ 0,00","R$ 0,00","R$ 0,00","R$ 0,00","R$ 0,00","R$ 0,00","R$ 0,00","R$ 0,00","R$ 0,00",,,,,,,,,,,,,,,,,,,,,,,,,,,,"R$ 0,00","R$ 0,00","R$ 0,00"
Secretaria,688,Equipamentos e Materiais Permanentes,1500,"R$ 11.000,00",,,"R$ 11.000,00","R$ 0,00","R$ 0,00","R$ 0,00","R$ 0,00","R$ 0,00","R$ 0,00","R$ 0,00","R$ 0,00","R$ 0,00",,,,,,,,,,,,,,,,,,,,,,,,,,,,"R$ 0,00","R$ 0,00","R$ 0,00"
Secretaria,689,Equipamentos e Materiais Permanentes,1600,"R$ 5.500,00",,,"R$ 5.500,00","R$ 0,00","R$ 0,00","R$ 0,00","R$ 0,00","R$ 0,00","R$ 0,00","R$ 0,00","R$ 0,00","R$ 0,00",,,,,,,,,,,,,,,,,,,,,,,,,,,,"R$ 0,00","R$ 0,00","R$ 0,00"
Secretaria,690,Equipamentos e Materiais Permanentes,1631,"R$ 5.500,00",,,"R$ 5.500,00","R$ 0,00","R$ 0,00","R$ 0,00","R$ 0,00","R$ 0,00","R$ 0,00","R$ 0,00","R$ 0,00","R$ 0,00",,,,,,,,,,,,,,,,,,,,,,,,,,,,"R$ 0,00","R$ 0,00","R$ 0,00"
Secretaria,716,Materiais de Consumo,1500,"R$ 5.500,00",,,"R$ 5.500,00","R$ 0,00","R$ 0,00","R$ 0,00","R$ 0,00","R$ 0,00","R$ 0,00","R$ 0,00","R$ 0,00","R$ 0,00",,,,,,,,,,,,,,,,,,,,,,,,,,,,"R$ 0,00","R$ 0,00","R$ 0,00"
Secretaria,719,Serviços de Terceiro PF,1500,"R$ 3.300,00",,,"R$ 3.300,00","R$ 0,00","R$ 0,00","R$ 0,00","R$ 0,00","R$ 0,00","R$ 0,00","R$ 0,00","R$ 0,00","R$ 0,00",,,,,,,,,,,,,,,,,,,,,,,,,,,,"R$ 0,00","R$ 0,00","R$ 0,00"
Secretaria,722,Serviços de Terceiros PJ,1500,"R$ 5.500,00",,,"R$ 5.500,00","R$ 0,00","R$ 0,00","R$ 0,00","R$ 0,00","R$ 0,00","R$ 0,00","R$ 0,00","R$ 0,00","R$ 0,00",,,,,,,,,,,,,,,,,,,,,,,,,,,,"R$ 0,00","R$ 0,00","R$ 0,00"
Secretaria,725,Equipamentos e Materiais Permanentes,1500,"R$ 5.500,00",,,"R$ 5.500,00","R$ 0,00","R$ 0,00","R$ 0,00","R$ 0,00","R$ 0,00","R$ 0,00","R$ 0,00","R$ 0,00","R$ 0,00",,,,,,,,,,,,,,,,,,,,,,,,,,,,"R$ 0,00","R$ 0,00","R$ 0,00"
Secretaria,717,Materiais de Consumo,1600,"R$ 5.500,00",,,"R$ 5.500,00","R$ 0,00","R$ 0,00","R$ 0,00","R$ 0,00","R$ 0,00","R$ 0,00","R$ 0,00","R$ 0,00","R$ 0,00",,,,,,,,,,,,,,,,,,,,,,,,,,,,"R$ 0,00","R$ 0,00","R$ 0,00"
Secretaria,720,Serviços de Terceiro PF,1600,"R$ 3.300,00",,,"R$ 3.300,00","R$ 0,00","R$ 0,00","R$ 0,00","R$ 0,00","R$ 0,00","R$ 0,00","R$ 0,00","R$ 0,00","R$ 0,00",,,,,,,,,,,,,,,,,,,,,,,,,,,,"R$ 0,00","R$ 0,00","R$ 0,00"
Secretaria,723,Serviços de Terceiros PJ,1600,"R$ 5.500,00",,,"R$ 5.500,00","R$ 0,00","R$ 0,00","R$ 0,00","R$ 0,00","R$ 0,00","R$ 0,00","R$ 0,00","R$ 0,00","R$ 0,00",,,,,,,,,,,,,,,,,,,,,,,,,,,,"R$ 0,00","R$ 0,00","R$ 0,00"
Secretaria,726,Equipamentos e Materiais Permanentes,1600,"R$ 5.500,00",,,"R$ 5.500,00","R$ 0,00","R$ 0,00","R$ 0,00","R$ 0,00","R$ 0,00","R$ 0,00","R$ 0,00","R$ 0,00","R$ 0,00",,,,,,,,,,,,,,,,,,,,,,,,,,,,"R$ 0,00","R$ 0,00","R$ 0,00"
Secretaria,718,Materiais de Consumo,1621,"R$ 1.100,00",,,"R$ 1.100,00","R$ 0,00","R$ 0,00","R$ 0,00","R$ 0,00","R$ 0,00","R$ 0,00","R$ 0,00","R$ 0,00","R$ 0,00",,,,,,,,,,,,,,,,,,,,,,,,,,,,"R$ 0,00","R$ 0,00","R$ 0,00"
Secretaria,721,Serviços de Terceiro PF,1621,"R$ 3.300,00",,"R$ 2.000,00","R$ 1.300,00","R$ 0,00","R$ 0,00","R$ 0,00","R$ 0,00","R$ 0,00","R$ 0,00","R$ 0,00","R$ 0,00","R$ 0,00",,,,,,,,,,,,,,,,,,,,,,,,,,,,"R$ 0,00","R$ 0,00","R$ 0,00"
Secretaria,724,Serviços de Terceiros PJ,1621,"R$ 1.100,00",,,"R$ 1.100,00","R$ 0,00","R$ 0,00","R$ 0,00","R$ 0,00","R$ 0,00","R$ 0,00","R$ 0,00","R$ 0,00","R$ 0,00",,,,,,,,,,,,,,,,,,,,,,,,,,,,"R$ 0,00","R$ 0,00","R$ 0,00"
Secretaria,727,Equipamentos e Materiais Permanentes,1631,"R$ 5.500,00",,,"R$ 5.500,00","R$ 0,00","R$ 0,00","R$ 0,00","R$ 0,00","R$ 0,00","R$ 0,00","R$ 0,00","R$ 0,00","R$ 0,00",,,,,,,,,,,,,,,,,,,,,,,,,,,,"R$ 0,00","R$ 0,00","R$ 0,00"
Secretaria,691,Vencimentos e Vantagens Fixas - Pessoal Civil,1500,"R$ 407.979,00",,,"R$ 292.011,90","R$ 45.005,32","R$ 45.005,32","R$ 45.005,32","R$ 35.529,84","R$ 35.529,84","R$ 35.529,84","R$ 35.431,94","R$ 35.431,94","R$ 35.431,94",,,,,,,,,,,,,,,,,,,,,,,,,,,,"R$ 115.967,10","R$ 115.967,10","R$ 115.967,10"
Secretaria,694,Obrigações Patronais,1500,"R$ 91.179,00",,,"R$ 70.715,62","R$ 7.214,19","R$ 7.214,19","R$ 67,54","R$ 6.394,10","R$ 6.394,10","R$ 7.214,19","R$ 6.855,09","R$ 6.855,09","R$ 6.394,10",,,,,,,,,,,,,,,,,,,,,,,,,,,,"R$ 20.463,38","R$ 20.463,38","R$ 13.675,83"
Secretaria,697,Outras Despesas Variáveis - Pessoal Civil,1500,"R$ 5.500,00",,,"R$ 5.500,00","R$ 0,00","R$ 0,00","R$ 0,00","R$ 0,00","R$ 0,00","R$ 0,00","R$ 0,00","R$ 0,00","R$ 0,00",,,,,,,,,,,,,,,,,,,,,,,,,,,,"R$ 0,00","R$ 0,00","R$ 0,00"
Secretaria,700,Diárias - Pessoal Civil,1500,"R$ 572,00",,,"R$ 572,00","R$ 0,00","R$ 0,00","R$ 0,00","R$ 0,00","R$ 0,00","R$ 0,00","R$ 0,00","R$ 0,00","R$ 0,00",,,,,,,,,,,,,,,,,,,,,,,,,,,,"R$ 0,00","R$ 0,00","R$ 0,00"
Secretaria,703,Materiais de Consumo,1500,"R$ 6.972,90",,,"R$ 6.972,90","R$ 0,00","R$ 0,00","R$ 0,00","R$ 0,00","R$ 0,00","R$ 0,00","R$ 0,00","R$ 0,00","R$ 0,00",,,,,,,,,,,,,,,,,,,,,,,,,,,,"R$ 0,00","R$ 0,00","R$ 0,00"
Secretaria,707,Serviços de Terceiro PF,1500,"R$ 1.100,00",,,"R$ 1.100,00","R$ 0,00","R$ 0,00","R$ 0,00","R$ 0,00","R$ 0,00","R$ 0,00","R$ 0,00","R$ 0,00","R$ 0,00",,,,,,,,,,,,,,,,,,,,,,,,,,,,"R$ 0,00","R$ 0,00","R$ 0,00"
Secretaria,710,Serviços de Terceiros PJ,1500,"R$ 1.135.486,00",,"R$ 135.000,00","R$ 963.825,72","R$ 5.149,41","R$ 1.716,47","R$ 25,75","R$ 14.150,54","R$ 0,00","R$ 1.690,72","R$ 17.360,33","R$ 22.727,34","R$ 2.017,71",,,,,,,,,,,,,,,,,,,,,,,,,,,,"R$ 36.660,28","R$ 24.443,81","R$ 3.734,18"
Secretaria,713,Auxílio-Alimentação,1500,"R$ 32.703,00",,,"R$ 15.334,67","R$ 5.950,00","R$ 5.950,00","R$ 5.950,00","R$ 5.468,33","R$ 5.468,33","R$ 5.468,33","R$ 5.950,00","R$ 5.950,00","R$ 5.950,00",,,,,,,,,,,,,,,,,,,,,,,,,,,,"R$ 17.368,33","R$ 17.368,33","R$ 17.368,33"
Secretaria,692,Vencimentos e Vantagens Fixas - Pessoal Civil,1600,"R$ 33.000,00",,,"R$ 33.000,00","R$ 0,00","R$ 0,00","R$ 0,00","R$ 0,00","R$ 0,00","R$ 0,00","R$ 0,00","R$ 0,00","R$ 0,00",,,,,,,,,,,,,,,,,,,,,,,,,,,,"R$ 0,00","R$ 0,00","R$ 0,00"
Secretaria,695,Obrigações Patronais,1600,"R$ 5.500,00",,,"R$ 5.500,00","R$ 0,00","R$ 0,00","R$ 0,00","R$ 0,00","R$ 0,00","R$ 0,00","R$ 0,00","R$ 0,00","R$ 0,00",,,,,,,,,,,,,,,,,,,,,,,,,,,,"R$ 0,00","R$ 0,00","R$ 0,00"
Secretaria,698,Outras Despesas Variáveis - Pessoal Civil,1600,"R$ 1.100,00",,,"R$ 1.100,00","R$ 0,00","R$ 0,00","R$ 0,00","R$ 0,00","R$ 0,00","R$ 0,00","R$ 0,00","R$ 0,00","R$ 0,00",,,,,,,,,,,,,,,,,,,,,,,,,,,,"R$ 0,00","R$ 0,00","R$ 0,00"
Secretaria,701,Diárias - Pessoal Civil,1600,"R$ 22.000,00",,,"R$ 22.000,00","R$ 0,00","R$ 0,00","R$ 0,00","R$ 0,00","R$ 0,00","R$ 0,00","R$ 0,00","R$ 0,00","R$ 0,00",,,,,,,,,,,,,,,,,,,,,,,,,,,,"R$ 0,00","R$ 0,00","R$ 0,00"
Secretaria,704,Materiais de Consumo,1600,"R$ 2.200,00",,,"R$ 2.200,00","R$ 0,00","R$ 0,00","R$ 0,00","R$ 0,00","R$ 0,00","R$ 0,00","R$ 0,00","R$ 0,00","R$ 0,00",,,,,,,,,,,,,,,,,,,,,,,,,,,,"R$ 0,00","R$ 0,00","R$ 0,00"
Secretaria,708,Serviços de Terceiro PF,1600,"R$ 1.100,00",,,"R$ 1.100,00","R$ 0,00","R$ 0,00","R$ 0,00","R$ 0,00","R$ 0,00","R$ 0,00","R$ 0,00","R$ 0,00","R$ 0,00",,,,,,,,,,,,,,,,,,,,,,,,,,,,"R$ 0,00","R$ 0,00","R$ 0,00"
Secretaria,711,Serviços de Terceiros PJ,1600,"R$ 5.500,00",,,"R$ 5.500,00","R$ 0,00","R$ 0,00","R$ 0,00","R$ 0,00","R$ 0,00","R$ 0,00","R$ 0,00","R$ 0,00","R$ 0,00",,,,,,,,,,,,,,,,,,,,,,,,,,,,"R$ 0,00","R$ 0,00","R$ 0,00"
Secretaria,714,Auxílio-Alimentação,1600,"R$ 1.100,00",,,"R$ 1.100,00","R$ 0,00","R$ 0,00","R$ 0,00","R$ 0,00","R$ 0,00","R$ 0,00","R$ 0,00","R$ 0,00","R$ 0,00",,,,,,,,,,,,,,,,,,,,,,,,,,,,"R$ 0,00","R$ 0,00","R$ 0,00"
Secretaria,705,Materiais de Consumo,1601,"R$ 1,10",,,"R$ 1,10","R$ 0,00","R$ 0,00","R$ 0,00","R$ 0,00","R$ 0,00","R$ 0,00","R$ 0,00","R$ 0,00","R$ 0,00",,,,,,,,,,,,,,,,,,,,,,,,,,,,"R$ 0,00","R$ 0,00","R$ 0,00"
Secretaria,693,Vencimentos e Vantagens Fixas - Pessoal Civil,1621,"R$ 175.703,00",,,"R$ 175.703,00","R$ 0,00","R$ 0,00","R$ 0,00","R$ 0,00","R$ 0,00","R$ 0,00","R$ 0,00","R$ 0,00","R$ 0,00",,,,,,,,,,,,,,,,,,,,,,,,,,,,"R$ 0,00","R$ 0,00","R$ 0,00"
Secretaria,696,Obrigações Patronais,1621,"R$ 5.500,00",,,"R$ 5.500,00","R$ 0,00","R$ 0,00","R$ 0,00","R$ 0,00","R$ 0,00","R$ 0,00","R$ 0,00","R$ 0,00","R$ 0,00",,,,,,,,,,,,,,,,,,,,,,,,,,,,"R$ 0,00","R$ 0,00","R$ 0,00"
Secretaria,699,Outras Despesas Variáveis - Pessoal Civil,1621,"R$ 1.100,00",,,"R$ 1.100,00","R$ 0,00","R$ 0,00","R$ 0,00","R$ 0,00","R$ 0,00","R$ 0,00","R$ 0,00","R$ 0,00","R$ 0,00",,,,,,,,,,,,,,,,,,,,,,,,,,,,"R$ 0,00","R$ 0,00","R$ 0,00"
Secretaria,702,Diárias - Pessoal Civil,1621,"R$ 11.132,00",,,"R$ 8.354,00","R$ 1.576,43","R$ 0,00","R$ 0,00","R$ 1.000,00","R$ 1.067,04","R$ 1.067,04","R$ 201,57","R$ 216,78","R$ 216,78",,,,,,,,,,,,,,,,,,,,,,,,,,,,"R$ 2.778,00","R$ 1.283,82","R$ 1.283,82"
Secretaria,706,Materiais de Consumo,1621,"R$ 1.100,00",,,"R$ 1.100,00","R$ 0,00","R$ 0,00","R$ 0,00","R$ 0,00","R$ 0,00","R$ 0,00","R$ 0,00","R$ 0,00","R$ 0,00",,,,,,,,,,,,,,,,,,,,,,,,,,,,"R$ 0,00","R$ 0,00","R$ 0,00"
Secretaria,709,Serviços de Terceiro PF,1621,"R$ 1.100,00",,,"R$ 1.100,00","R$ 0,00","R$ 0,00","R$ 0,00","R$ 0,00","R$ 0,00","R$ 0,00","R$ 0,00","R$ 0,00","R$ 0,00",,,,,,,,,,,,,,,,,,,,,,,,,,,,"R$ 0,00","R$ 0,00","R$ 0,00"
Secretaria,712,Serviços de Terceiros PJ,1621,"R$ 5.742,00",,,"R$ 712,00","R$ 3.500,00","R$ 0,00","R$ 0,00","R$ 0,00","R$ 3.500,00","R$ 3.500,00","R$ 1.530,00","R$ 0,00","R$ 0,00",,,,,,,,,,,,,,,,,,,,,,,,,,,,"R$ 5.030,00","R$ 3.500,00","R$ 3.500,00"
Secretaria,715,Auxílio-Alimentação,1621,"R$ 1.100,00",,,"R$ 1.100,00","R$ 0,00","R$ 0,00","R$ 0,00","R$ 0,00","R$ 0,00","R$ 0,00","R$ 0,00","R$ 0,00","R$ 0,00",,,,,,,,,,,,,,,,,,,,,,,,,,,,"R$ 0,00","R$ 0,00","R$ 0,00"