,,,,,,,,,,Empenhado,Liquidado,Pago,Empenhado,Liquidado,Pago,Empenhado,Liquidado,Pago,Empenhado,Liquidado,Pago,Empenhado,Liquidado,Pago,Empenhado,Liquidado,Pago,Empenhado,Liquidado,Pago,Empenhado,Liquidado,Pago,Empenhado,Liquidado,Pago,Empenhado,Liquidado,Pago,Empenhado,"R$ 0,00",Pago,Empenhado,Liquidado,Pago,Empenhado,Liquidado,Pago
Categoria ,Código AT,Atividade,Ficha,Elemento,Fonte,Orçado,Creditado,Anulado,Saldo,Janeiro,Janeiro,Janeiro,Fevereiro,Fevereiro,Fevereiro,Março,Março,Março,Abril ,Abril ,Abril ,Maio,Maio,Maio,Junho,Junho,Junho,Julho,Julho,Julho,Agosto,Agosto,Agosto,Setembro,Setembro,Setembro,Outubro,Outubro,Outubro,Novembro,Novembro,Novembro,Dezembro,Dezembro,Dezembro,Total,Total,Total
Secretaria,2.056,MANUTENÇÃO DA SECRETARIA DE EDUCAÇÃO,239,Contratação por tempo Determinado,1500,"R$ 10.000,00",,,"R$ 10.000,00","R$ 0,00","R$ 0,00","R$ 0,00","R$ 0,00","R$ 0,00","R$ 0,00",,,,,,,,,,,,,,,,,,,,,,,,,,,,,,,"R$ 0,00","R$ 0,00","R$ 0,00"
Secretaria,2.056,MANUTENÇÃO DA SECRETARIA DE EDUCAÇÃO,240,Vencimentos e Vantagens Fixas - Pessoal Civil,15001,"R$ 90.000,00",,,"R$ 77.766,00","R$ 6.000,00","R$ 6.000,00","R$ 6.000,00","R$ 6.234,00","R$ 6.234,00","R$ 6.234,00",,,,,,,,,,,,,,,,,,,,,,,,,,,,,,,"R$ 12.234,00","R$ 12.234,00","R$ 12.234,00"
Secretaria,2.056,MANUTENÇÃO DA SECRETARIA DE EDUCAÇÃO,241,Obrigações Patronais,15001,"R$ 15.000,00",,,"R$ 12.771,99","R$ 1.092,70","R$ 1.092,70","R$ 0,00","R$ 1.135,31","R$ 1.135,31","R$ 1.092,70",,,,,,,,,,,,,,,,,,,,,,,,,,,,,,,"R$ 2.228,01","R$ 2.228,01","R$ 1.092,70"
Secretaria,2.056,MANUTENÇÃO DA SECRETARIA DE EDUCAÇÃO,242,Materiais de Consumo,15001,"R$ 50.000,00",,,"R$ 35.348,69","R$ 419,75","R$ 0,00","R$ 0,00","R$ 14.231,56","R$ 419,75","R$ 0,00",,,,,,,,,,,,,,,,,,,,,,,,,,,,,,,"R$ 14.651,31","R$ 419,75","R$ 0,00"
Secretaria,2.056,MANUTENÇÃO DA SECRETARIA DE EDUCAÇÃO,243,Serviços de Terceiros PJ,15001,"R$ 0,00","R$ 50.000,00",,"R$ 10.040,00","R$ 0,00","R$ 0,00","R$ 0,00","R$ 39.960,00","R$ 0,00","R$ 0,00",,,,,,,,,,,,,,,,,,,,,,,,,,,,,,,"R$ 39.960,00","R$ 0,00","R$ 0,00"
Secretaria,2.056,MANUTENÇÃO DA SECRETARIA DE EDUCAÇÃO,243,Serviços de Terceiros PJ,1709,"R$ 100.000,00",,,"R$ 44.429,08","R$ 55.570,92","R$ 918,00","R$ 918,00","R$ 0,00","R$ 4.682,36","R$ 4.682,36",,,,,,,,,,,,,,,,,,,,,,,,,,,,,,,"R$ 55.570,92","R$ 5.600,36","R$ 5.600,36"
Secretaria,2.056,MANUTENÇÃO DA SECRETARIA DE EDUCAÇÃO,244,AUXÍLIO-ALIMENTAÇÃO,15001,"R$ 15.000,00",,,"R$ 13.400,00","R$ 750,00","R$ 750,00","R$ 750,00","R$ 850,00","R$ 850,00","R$ 850,00",,,,,,,,,,,,,,,,,,,,,,,,,,,,,,,"R$ 1.600,00","R$ 1.600,00","R$ 1.600,00"
Ensino Fundamental,1.047,CONSTRUÇÃO,245,Obras e Instalações,1570,"R$ 600.000,00",,,"R$ 600.000,00","R$ 0,00","R$ 0,00","R$ 0,00","R$ 0,00","R$ 0,00","R$ 0,00",,,,,,,,,,,,,,,,,,,,,,,,,,,,,,,"R$ 0,00","R$ 0,00","R$ 0,00"
Ensino Fundamental,1.017,AQUISIÇÃO DE VEICULOS E EQUIPAMENTOS ESCOLARES,246,Equipamentos e Materiais Permanentes,15001,"R$ 350.000,00",,,"R$ 334.407,81","R$ 0,00","R$ 0,00","R$ 0,00","R$ 15.592,19","R$ 0,00","R$ 0,00",,,,,,,,,,,,,,,,,,,,,,,,,,,,,,,"R$ 15.592,19","R$ 0,00","R$ 0,00"
Ensino Fundamental,2.057,MANUTENÇÃO DAS ATIVIDADES DA EDUCAÇÃO,247,Contratação por tempo Determinado,1500,"R$ 1.000,00",,,"R$ 1.000,00","R$ 0,00","R$ 0,00","R$ 0,00","R$ 0,00","R$ 0,00","R$ 0,00",,,,,,,,,,,,,,,,,,,,,,,,,,,,,,,"R$ 0,00","R$ 0,00","R$ 0,00"
Ensino Fundamental,2.057,MANUTENÇÃO DAS ATIVIDADES DA EDUCAÇÃO,248,Vencimentos e Vantagens Fixas - Pessoal Civil,15001,"R$ 1.200.000,00",,"R$ 400.000,00","R$ 793.394,52","R$ 6.605,48","R$ 6.605,48","R$ 6.605,48","R$ 0,00","R$ 0,00","R$ 0,00",,,,,,,,,,,,,,,,,,,,,,,,,,,,,,,"R$ 6.605,48","R$ 6.605,48","R$ 6.605,48"
Ensino Fundamental,2.057,MANUTENÇÃO DAS ATIVIDADES DA EDUCAÇÃO,249,Obrigações Patronais,15001,"R$ 1.000.000,00",,"R$ 6.000,00","R$ 993.476,50","R$ 523,50","R$ 523,50","R$ 55,75","R$ 0,00","R$ 0,00","R$ 467,55",,,,,,,,,,,,,,,,,,,,,,,,,,,,,,,"R$ 523,50","R$ 523,50","R$ 523,30"
Ensino Fundamental,2.057,,249,Obrigações Patronais,1500,"R$ 0,00",,,"-R$ 359,24","R$ 0,00","R$ 0,00","R$ 0,00","R$ 359,24","R$ 359,24","R$ 0,00",,,,,,,,,,,,,,,,,,,,,,,,,,,,,,,"R$ 359,24","R$ 359,24","R$ 0,00"
Ensino Fundamental,2.057,MANUTENÇÃO DAS ATIVIDADES DA EDUCAÇÃO,250,Indenizações e Restituições Trabalhistas,15001,"R$ 20.000,00",,,"R$ 16.017,72","R$ 3.982,28","R$ 3.982,28","R$ 3.982,28","R$ 0,00","R$ 0,00","R$ 0,00",,,,,,,,,,,,,,,,,,,,,,,,,,,,,,,"R$ 3.982,28","R$ 3.982,28","R$ 3.982,28"
Ensino Fundamental,2.057,MANUTENÇÃO DAS ATIVIDADES DA EDUCAÇÃO,251,Materiais de Consumo,15001,"R$ 78.336,00",,,"R$ 32.419,47","R$ 6.191,13","R$ 0,00","R$ 0,00","R$ 39.725,40","R$ 5.599,53","R$ 5.599,53",,,,,,,,,,,,,,,,,,,,,,,,,,,,,,,"R$ 45.916,53","R$ 5.599,53","R$ 5.599,53"
Ensino Fundamental,2.057,MANUTENÇÃO DAS ATIVIDADES DA EDUCAÇÃO,251,Materiais de Consumo,15403,"R$ 0,00","R$ 163.000,00",,"R$ 465,60","R$ 0,00","R$ 0,00","R$ 0,00","R$ 162.534,40","R$ 0,00","R$ 0,00",,,,,,,,,,,,,,,,,,,,,,,,,,,,,,,"R$ 162.534,40","R$ 0,00","R$ 0,00"
Ensino Fundamental,2.057,MANUTENÇÃO DAS ATIVIDADES DA EDUCAÇÃO,251,Materiais de Consumo,1550,"R$ 40.000,00",,,"R$ 16.745,50","R$ 23.254,50","R$ 0,00","R$ 0,00","R$ 0,00","R$ 0,00","R$ 0,00",,,,,,,,,,,,,,,,,,,,,,,,,,,,,,,"R$ 23.254,50","R$ 0,00","R$ 0,00"
Ensino Fundamental,2.057,MANUTENÇÃO DAS ATIVIDADES DA EDUCAÇÃO,251,Materiais de Consumo,1551,"R$ 1.664,00",,,"R$ 1.664,00","R$ 0,00","R$ 0,00","R$ 0,00","R$ 0,00","R$ 0,00","R$ 0,00",,,,,,,,,,,,,,,,,,,,,,,,,,,,,,,"R$ 0,00","R$ 0,00","R$ 0,00"
Ensino Fundamental,2.057,MANUTENÇÃO DAS ATIVIDADES DA EDUCAÇÃO,251,Materiais de Consumo,1709,"R$ 100.000,00",,,"R$ 100.000,00","R$ 0,00","R$ 0,00","R$ 0,00","R$ 0,00","R$ 0,00","R$ 0,00",,,,,,,,,,,,,,,,,,,,,,,,,,,,,,,"R$ 0,00","R$ 0,00","R$ 0,00"
Ensino Fundamental,2.057,MANUTENÇÃO DAS ATIVIDADES DA EDUCAÇÃO,252,PASSAGENS E DESPESAS COM LOCOMOÇÃO,15001,"R$ 130.000,00",,,"R$ 124.594,94","R$ 0,00","R$ 0,00","R$ 0,00","R$ 5.405,06","R$ 505,60","R$ 505,60",,,,,,,,,,,,,,,,,,,,,,,,,,,,,,,"R$ 5.405,06","R$ 505,60","R$ 505,60"
Ensino Fundamental,2.057,MANUTENÇÃO DAS ATIVIDADES DA EDUCAÇÃO,253,Serviços de Terceiro PF,15001,"R$ 10.000,00","R$ 7.000,00",,"R$ 180,92","R$ 16.819,08","R$ 16.819,08","R$ 0,00","R$ 0,00","R$ 0,00","R$ 1.401,59",,,,,,,,,,,,,,,,,,,,,,,,,,,,,,,"R$ 16.819,08","R$ 16.819,08","R$ 1.401,59"
Ensino Fundamental,2.057,MANUTENÇÃO DAS ATIVIDADES DA EDUCAÇÃO,254,Serviços de Terceiros PJ,15001,"R$ 50.000,00","R$ 6.000,00",,"R$ 42.968,20","R$ 4.631,80","R$ 3.493,00","R$ 0,00","R$ 8.400,00","R$ 1.389,80","R$ 4.882,80",,,,,,,,,,,,,,,,,,,,,,,,,,,,,,,"R$ 13.031,80","R$ 4.882,80","R$ 4.882,80"
Ensino Fundamental,2.057,MANUTENÇÃO DAS ATIVIDADES DA EDUCAÇÃO,254,Serviços de Terceiros PJ,15403,"R$ 0,00",,,"R$ 0,00","R$ 0,00","R$ 0,00","R$ 0,00","R$ 0,00","R$ 0,00","R$ 0,00",,,,,,,,,,,,,,,,,,,,,,,,,,,,,,,"R$ 0,00","R$ 0,00","R$ 0,00"
Ensino Fundamental,2.057,,254,Serviços de Terceiros PJ,1550,"R$ 0,00",,,"R$ 0,00","R$ 0,00","R$ 0,00","R$ 0,00","R$ 0,00","R$ 0,00","R$ 0,00",,,,,,,,,,,,,,,,,,,,,,,,,,,,,,,"R$ 0,00","R$ 0,00","R$ 0,00"
Ensino Fundamental,2.057,,255,Equipamentos e Materiais Permanentes,1550,"R$ 0,00",,,"R$ 0,00","R$ 0,00","R$ 0,00","R$ 0,00","R$ 0,00","R$ 0,00","R$ 0,00",,,,,,,,,,,,,,,,,,,,,,,,,,,,,,,"R$ 0,00","R$ 0,00","R$ 0,00"
Ensino Fundamental,2.057,MANUTENÇÃO DAS ATIVIDADES DA EDUCAÇÃO,255,Equipamentos e Materiais Permanentes,1569,"R$ 500.000,00",,,"R$ 500.000,00","R$ 0,00","R$ 0,00","R$ 0,00","R$ 0,00","R$ 0,00","R$ 0,00",,,,,,,,,,,,,,,,,,,,,,,,,,,,,,,"R$ 0,00","R$ 0,00","R$ 0,00"
Ensino Fundamental,2.057,MANUTENÇÃO DAS ATIVIDADES DA EDUCAÇÃO,255,Equipamentos e Materiais Permanentes,1571,"R$ 500.000,00",,,"R$ 500.000,00","R$ 0,00","R$ 0,00","R$ 0,00","R$ 0,00","R$ 0,00","R$ 0,00",,,,,,,,,,,,,,,,,,,,,,,,,,,,,,,"R$ 0,00","R$ 0,00","R$ 0,00"
Ensino Fundamental,2.058,MANUTENÇÃO DO TRANSPORTE ESCOLAR,256,Vencimentos e Vantagens Fixas - Pessoal Civil,1500,"R$ 1.000,00",,,"R$ 1.000,00","R$ 0,00","R$ 0,00","R$ 0,00","R$ 0,00","R$ 0,00","R$ 0,00",,,,,,,,,,,,,,,,,,,,,,,,,,,,,,,"R$ 0,00","R$ 0,00","R$ 0,00"
Ensino Fundamental,2.058,MANUTENÇÃO DO TRANSPORTE ESCOLAR,257,Obrigações Patronais,1500,"R$ 1.000,00",,,"R$ 1.000,00","R$ 0,00","R$ 0,00","R$ 0,00","R$ 0,00","R$ 0,00","R$ 0,00",,,,,,,,,,,,,,,,,,,,,,,,,,,,,,,"R$ 0,00","R$ 0,00","R$ 0,00"
Ensino Fundamental,2.058,MANUTENÇÃO DO TRANSPORTE ESCOLAR,258,Materiais de Consumo,15001,"R$ 100.000,00","R$ 80.000,00",,"R$ 26.617,12","R$ 146.647,50","R$ 268,38","R$ 268,38","R$ 6.735,38","R$ 34.708,81","R$ 34.130,58",,,,,,,,,,,,,,,,,,,,,,,,,,,,,,,"R$ 153.382,88","R$ 34.977,19","R$ 34.398,96"
Ensino Fundamental,2.058,MANUTENÇÃO DO TRANSPORTE ESCOLAR,258,Materiais de Consumo,1553,"R$ 20.000,00",,,"R$ 20.000,00","R$ 0,00","R$ 0,00","R$ 0,00","R$ 0,00","R$ 0,00","R$ 0,00",,,,,,,,,,,,,,,,,,,,,,,,,,,,,,,"R$ 0,00","R$ 0,00","R$ 0,00"
Ensino Fundamental,2.058,MANUTENÇÃO DO TRANSPORTE ESCOLAR,258,Materiais de Consumo,1576,"R$ 100.000,00",,,"R$ 100.000,00","R$ 0,00","R$ 0,00","R$ 0,00","R$ 0,00","R$ 0,00","R$ 0,00",,,,,,,,,,,,,,,,,,,,,,,,,,,,,,,"R$ 0,00","R$ 0,00","R$ 0,00"
Ensino Fundamental,2.058,MANUTENÇÃO DO TRANSPORTE ESCOLAR,259,Serviços de Terceiros PJ,1500,"R$ 300.000,00","R$ 150.000,00","R$ 20.000,00","R$ 430.000,00","R$ 0,00","R$ 0,00","R$ 0,00","R$ 0,00","R$ 0,00","R$ 0,00",,,,,,,,,,,,,,,,,,,,,,,,,,,,,,,"R$ 0,00","R$ 0,00","R$ 0,00"
Ensino Fundamental,2.058,MANUTENÇÃO DO TRANSPORTE ESCOLAR,259,Serviços de Terceiros PJ,15403,"R$ 0,00","R$ 340.000,00",,"R$ 2.360,95","R$ 0,00","R$ 0,00","R$ 0,00","R$ 337.639,05","R$ 54.987,76","R$ 54.987,76",,,,,,,,,,,,,,,,,,,,,,,,,,,,,,,"R$ 337.639,05","R$ 54.987,76","R$ 54.987,76"
Ensino Fundamental,2.058,MANUTENÇÃO DO TRANSPORTE ESCOLAR,259,Serviços de Terceiros PJ,1550,"R$ 93.776,00",,,"R$ 93.776,00","R$ 0,00","R$ 0,00","R$ 0,00","R$ 0,00","R$ 0,00","R$ 0,00",,,,,,,,,,,,,,,,,,,,,,,,,,,,,,,"R$ 0,00","R$ 0,00","R$ 0,00"
Ensino Fundamental,2.058,MANUTENÇÃO DO TRANSPORTE ESCOLAR,259,Serviços de Terceiros PJ,1553,"R$ 43.840,00",,,"R$ 43.840,00","R$ 0,00","R$ 0,00","R$ 0,00","R$ 0,00","R$ 0,00","R$ 0,00",,,,,,,,,,,,,,,,,,,,,,,,,,,,,,,"R$ 0,00","R$ 0,00","R$ 0,00"
Ensino Fundamental,2.058,MANUTENÇÃO DO TRANSPORTE ESCOLAR,259,Serviços de Terceiros PJ,1576,"R$ 752.160,00",,,"R$ 752.160,00","R$ 0,00","R$ 0,00","R$ 0,00","R$ 0,00","R$ 0,00","R$ 0,00",,,,,,,,,,,,,,,,,,,,,,,,,,,,,,,"R$ 0,00","R$ 0,00","R$ 0,00"
Ensino Fundamental,2.058,MANUTENÇÃO DO TRANSPORTE ESCOLAR,260,Equipamentos e Materiais Permanentes,1500,"R$ 54.675,00",,"R$ 20.000,00","R$ 34.675,00","R$ 0,00","R$ 0,00","R$ 0,00","R$ 0,00","R$ 0,00","R$ 0,00",,,,,,,,,,,,,,,,,,,,,,,,,,,,,,,"R$ 0,00","R$ 0,00","R$ 0,00"
Ensino Fundamental,1.018,AMPLIAÇÃO E REFORMAS DE PRÉDIOS E AMBIENTES ESCOLARES,261,Obras e Instalações,15001,"R$ 20.000,00","R$ 50.000,00","R$ 7.000,00","R$ 47.414,07","R$ 15.585,93","R$ 0,00","R$ 0,00","R$ 0,00","R$ 15.585,93","R$ 15.585,93",,,,,,,,,,,,,,,,,,,,,,,,,,,,,,,"R$ 15.585,93","R$ 15.585,93","R$ 15.585,93"
Ensino Fundamental,1.018,AMPLIAÇÃO E REFORMAS DE PRÉDIOS E AMBIENTES ESCOLARES,261,Obras e Instalações,1550,"R$ 180.000,00",,,"R$ 180.000,00","R$ 0,00","R$ 0,00","R$ 0,00","R$ 0,00","R$ 0,00","R$ 0,00",,,,,,,,,,,,,,,,,,,,,,,,,,,,,,,"R$ 0,00","R$ 0,00","R$ 0,00"
Ensino Fundamental,1.018,AMPLIAÇÃO E REFORMAS DE PRÉDIOS E AMBIENTES ESCOLARES,261,Obras e Instalações,1571,"R$ 0,00",,,"R$ 0,00","R$ 0,00","R$ 0,00","R$ 0,00","R$ 0,00","R$ 0,00","R$ 0,00",,,,,,,,,,,,,,,,,,,,,,,,,,,,,,,"R$ 0,00","R$ 0,00","R$ 0,00"
Ensino Fundamental,1.018,AMPLIAÇÃO E REFORMAS DE PRÉDIOS E AMBIENTES ESCOLARES,261,Obras e Instalações,2571,"R$ 0,00",,,"R$ 0,00","R$ 0,00","R$ 0,00","R$ 0,00","R$ 0,00","R$ 0,00","R$ 0,00",,,,,,,,,,,,,,,,,,,,,,,,,,,,,,,"R$ 0,00","R$ 0,00","R$ 0,00"
Educação Infantil,2.059,MANUTENÇÃO DAS ATIVIDADES DA EDUCAÇÃO,262,Contratação por tempo Determinado,1500,"R$ 1.000,00",,,"R$ 1.000,00","R$ 0,00","R$ 0,00","R$ 0,00","R$ 0,00","R$ 0,00","R$ 0,00",,,,,,,,,,,,,,,,,,,,,,,,,,,,,,,"R$ 0,00","R$ 0,00","R$ 0,00"
Educação Infantil,2.059,MANUTENÇÃO DAS ATIVIDADES DA EDUCAÇÃO,263,Vencimentos e Vantagens Fixas - Pessoal Civil,1500,"R$ 300.000,00",,,"R$ 300.000,00","R$ 0,00","R$ 0,00","R$ 0,00","R$ 0,00","R$ 0,00","R$ 0,00",,,,,,,,,,,,,,,,,,,,,,,,,,,,,,,"R$ 0,00","R$ 0,00","R$ 0,00"
Educação Infantil,2.059,MANUTENÇÃO DAS ATIVIDADES DA EDUCAÇÃO,264,Obrigações Patronais,1500,"R$ 150.000,00",,,"R$ 150.000,00","R$ 0,00","R$ 0,00","R$ 0,00","R$ 0,00","R$ 0,00","R$ 0,00",,,,,,,,,,,,,,,,,,,,,,,,,,,,,,,"R$ 0,00","R$ 0,00","R$ 0,00"
Educação Infantil,2.059,MANUTENÇÃO DAS ATIVIDADES DA EDUCAÇÃO,265,Indenizações e Restituições Trabalhistas,1500,"R$ 10.000,00",,,"R$ 10.000,00","R$ 0,00","R$ 0,00","R$ 0,00","R$ 0,00","R$ 0,00","R$ 0,00",,,,,,,,,,,,,,,,,,,,,,,,,,,,,,,"R$ 0,00","R$ 0,00","R$ 0,00"
Educação Infantil,2.059,MANUTENÇÃO DAS ATIVIDADES DA EDUCAÇÃO,266,Materiais de Consumo,15001,"R$ 100.000,00","R$ 30.000,00","R$ 50.000,00","R$ 1.203,20","R$ 0,00","R$ 0,00","R$ 0,00","R$ 78.796,80","R$ 0,00","R$ 0,00",,,,,,,,,,,,,,,,,,,,,,,,,,,,,,,"R$ 78.796,80","R$ 0,00","R$ 0,00"
Educação Infantil,2.059,MANUTENÇÃO DAS ATIVIDADES DA EDUCAÇÃO,266,Materiais de Consumo,1550,"R$ 50.000,00",,,"R$ 50.000,00","R$ 0,00","R$ 0,00","R$ 0,00","R$ 0,00","R$ 0,00","R$ 0,00",,,,,,,,,,,,,,,,,,,,,,,,,,,,,,,"R$ 0,00","R$ 0,00","R$ 0,00"
Educação Infantil,2.059,MANUTENÇÃO DAS ATIVIDADES DA EDUCAÇÃO,267,"MATERIAL, BEM OU SERVIÇO PARA DISTRIBUIÇÃO GRATUITA",1500,"R$ 130.000,00",,,"R$ 130.000,00","R$ 0,00","R$ 0,00","R$ 0,00","R$ 0,00","R$ 0,00","R$ 0,00",,,,,,,,,,,,,,,,,,,,,,,,,,,,,,,"R$ 0,00","R$ 0,00","R$ 0,00"
Educação Infantil,2.059,MANUTENÇÃO DAS ATIVIDADES DA EDUCAÇÃO,268,Serviços de Terceiros PJ,15001,"R$ 2.780.000,00",,"R$ 350.000,00","R$ 161.203,64","R$ 2.268.796,36","R$ 189.066,53","R$ 189.066,53","R$ 0,00","R$ 2.079.729,83","R$ 189.066,53",,,,,,,,,,,,,,,,,,,,,,,,,,,,,,,"R$ 2.268.796,36","R$ 2.268.796,36","R$ 378.133,06"
Educação Infantil,2.059,MANUTENÇÃO DAS ATIVIDADES DA EDUCAÇÃO,268,Serviços de Terceiros PJ,1550,"R$ 10.000,00",,,"R$ 10.000,00","R$ 0,00","R$ 0,00","R$ 0,00","R$ 0,00","R$ 0,00","R$ 0,00",,,,,,,,,,,,,,,,,,,,,,,,,,,,,,,"R$ 0,00","R$ 0,00","R$ 0,00"
Educação Infantil,2.059,MANUTENÇÃO DAS ATIVIDADES DA EDUCAÇÃO,268,Serviços de Terceiros PJ,1553,"R$ 10.000,00",,,"R$ 10.000,00","R$ 0,00","R$ 0,00","R$ 0,00","R$ 0,00","R$ 0,00","R$ 0,00",,,,,,,,,,,,,,,,,,,,,,,,,,,,,,,"R$ 0,00","R$ 0,00","R$ 0,00"
Educação Infantil,2.007,INCENTIVO AOS CENTROS INFANTIS,269,Contribuições,1500,"R$ 5.000,00",,,"R$ 5.000,00","R$ 0,00","R$ 0,00","R$ 0,00","R$ 0,00","R$ 0,00","R$ 0,00",,,,,,,,,,,,,,,,,,,,,,,,,,,,,,,"R$ 0,00","R$ 0,00","R$ 0,00"
Educação Infantil,2.007,INCENTIVO AOS CENTROS INFANTIS,270,Subvenções Sociais,1500,"R$ 30.000,00",,,"R$ 30.000,00","R$ 0,00","R$ 0,00","R$ 0,00","R$ 0,00","R$ 0,00","R$ 0,00",,,,,,,,,,,,,,,,,,,,,,,,,,,,,,,"R$ 0,00","R$ 0,00","R$ 0,00"
Educação Infantil,2.007,INCENTIVO AOS CENTROS INFANTIS,270,Subvenções Sociais,1710,"R$ 5.000,00",,,"R$ 5.000,00","R$ 0,00","R$ 0,00","R$ 0,00","R$ 0,00","R$ 0,00","R$ 0,00",,,,,,,,,,,,,,,,,,,,,,,,,,,,,,,"R$ 0,00","R$ 0,00","R$ 0,00"
Ensino Fundamental,2.060,DOCENTES DO MAGISTÉRIO,271,Contratação por tempo Determinado,15407,"R$ 200.000,00",,,"R$ 154.894,52","R$ 0,00","R$ 0,00","R$ 0,00","R$ 45.105,48","R$ 45.105,48","R$ 45.105,48",,,,,,,,,,,,,,,,,,,,,,,,,,,,,,,"R$ 45.105,48","R$ 45.105,48","R$ 45.105,48"
Ensino Fundamental,2.060,DOCENTES DO MAGISTÉRIO,272,Vencimentos e Vantagens Fixas - Pessoal Civil,15407,"R$ 2.400.000,00",,"R$ 165.000,00","R$ 1.951.863,89","R$ 74.296,33","R$ 74.296,33","R$ 74.296,33","R$ 208.839,78","R$ 208.839,78","R$ 208.839,78",,,,,,,,,,,,,,,,,,,,,,,,,,,,,,,"R$ 283.136,11","R$ 283.136,11","R$ 283.136,11"
Ensino Fundamental,2.060,DOCENTES DO MAGISTÉRIO,273,Obrigações Patronais,15407,"R$ 700.000,00",,,"R$ 569.261,96","R$ 67.783,93","R$ 67.783,93","R$ 0,00","R$ 62.954,11","R$ 62.954,11","R$ 67.783,93",,,,,,,,,,,,,,,,,,,,,,,,,,,,,,,"R$ 130.738,04","R$ 130.738,04","R$ 67.783,93"
Ensino Fundamental,2.060,DOCENTES DO MAGISTÉRIO,274,Indenizações e Restituições Trabalhistas,15403,"R$ 70.000,00",,,"R$ 70.000,00","R$ 0,00","R$ 0,00","R$ 0,00","R$ 0,00","R$ 0,00","R$ 0,00",,,,,,,,,,,,,,,,,,,,,,,,,,,,,,,"R$ 0,00","R$ 0,00","R$ 0,00"
Ensino Fundamental,2.060,DOCENTES DO MAGISTÉRIO,274,Indenizações e Restituições Trabalhistas,15403,"R$ 1.282.000,00",,,"R$ 883.669,97","R$ 162.832,12","R$ 162.832,12","R$ 134.787,76","R$ 235.497,91","R$ 235.497,91","R$ 236.132,49",,,,,,,,,,,,,,,,,,,,,,,,,,,,,,,"R$ 398.330,03","R$ 398.330,03","R$ 370.920,25"
Ensino Fundamental,2.061,MANUTENÇÃO DAS ATIVIDADES DA EDUCAÇÃO,275,Contratação por tempo Determinado,15407,"R$ 1.000,00","R$ 6.000,00",,"R$ 959,74","R$ 0,00","R$ 0,00","R$ 0,00","R$ 6.040,26","R$ 6.040,26","R$ 6.040,26",,,,,,,,,,,,,,,,,,,,,,,,,,,,,,,"R$ 6.040,26","R$ 6.040,26","R$ 6.040,26"
Ensino Fundamental,2.061,MANUTENÇÃO DAS ATIVIDADES DA EDUCAÇÃO,276,Vencimentos e Vantagens Fixas - Pessoal Civil,15407,"R$ 500.000,00",,,"R$ 356.814,37","R$ 50.787,76","R$ 50.787,76","R$ 50.787,76","R$ 92.397,87","R$ 92.397,87","R$ 92.397,87",,,,,,,,,,,,,,,,,,,,,,,,,,,,,,,"R$ 143.185,63","R$ 143.185,63","R$ 143.185,63"
Ensino Fundamental,2.061,MANUTENÇÃO DAS ATIVIDADES DA EDUCAÇÃO,277,Obrigações Patronais,15407,"R$ 250.000,00",,,"R$ 194.545,86","R$ 28.044,36","R$ 28.044,36","R$ 0,00","R$ 27.409,78","R$ 27.409,78","R$ 28.044,36",,,,,,,,,,,,,,,,,,,,,,,,,,,,,,,"R$ 55.454,14","R$ 55.454,14","R$ 28.044,36"
Ensino Fundamental,2.061,MANUTENÇÃO DAS ATIVIDADES DA EDUCAÇÃO,278,Outras Despesas Variáveis - Pessoal Civil,15403,"R$ 400.000,00",,"R$ 350.000,00","R$ 50.000,00","R$ 0,00","R$ 0,00","R$ 0,00","R$ 0,00","R$ 0,00","R$ 0,00",,,,,,,,,,,,,,,,,,,,,,,,,,,,,,,"R$ 0,00","R$ 0,00","R$ 0,00"
Ensino Fundamental,2.061,MANUTENÇÃO DAS ATIVIDADES DA EDUCAÇÃO,279,AUXÍLIO-ALIMENTAÇÃO,15001,"R$ 475.000,00",,,"R$ 281.350,00","R$ 84.000,00","R$ 84.000,00","R$ 84.000,00","R$ 109.650,00","R$ 109.650,00","R$ 109.650,00",,,,,,,,,,,,,,,,,,,,,,,,,,,,,,,"R$ 193.650,00","R$ 193.650,00","R$ 193.650,00"
Educação Infantil,2.062,DOCENTES DO MAGISTÉRIO,280,Contratação por tempo Determinado,15407,"R$ 1.000,00","R$ 2.000,00",,"R$ 69,22","R$ 0,00","R$ 0,00","R$ 0,00","R$ 2.930,78","R$ 2.930,78","R$ 2.930,78",,,,,,,,,,,,,,,,,,,,,,,,,,,,,,,"R$ 2.930,78","R$ 2.930,78","R$ 2.930,78"
Educação Infantil,2.062,DOCENTES DO MAGISTÉRIO,281,Vencimentos e Vantagens Fixas - Pessoal Civil,15407,"R$ 800.000,00",,,"R$ 698.654,15","R$ 24.572,19","R$ 24.572,19","R$ 24.572,19","R$ 76.773,66","R$ 76.773,66","R$ 76.773,66",,,,,,,,,,,,,,,,,,,,,,,,,,,,,,,"R$ 101.345,85","R$ 101.345,85","R$ 101.345,85"
Educação Infantil,2.062,DOCENTES DO MAGISTÉRIO,282,Obrigações Patronais,15407,"R$ 500.000,00",,,"R$ 454.467,59","R$ 24.875,27","R$ 24.875,27","R$ 0,00","R$ 20.657,14","R$ 20.657,14","R$ 24.875,27",,,,,,,,,,,,,,,,,,,,,,,,,,,,,,,"R$ 45.532,41","R$ 45.532,41","R$ 24.875,27"
Educação Infantil,2.062,DOCENTES DO MAGISTÉRIO,283,Indenizações e Restituições Trabalhistas,15403,"R$ 47.000,00",,"R$ 6.000,00","R$ 41.000,00","R$ 0,00","R$ 0,00","R$ 0,00","R$ 0,00","R$ 0,00","R$ 0,00",,,,,,,,,,,,,,,,,,,,,,,,,,,,,,,"R$ 0,00","R$ 0,00","R$ 0,00"
Educação Infantil,2.062,DOCENTES DO MAGISTÉRIO,283,Indenizações e Restituições Trabalhistas,15403,"R$ 641.000,00",,,"R$ 608.456,43","R$ 16.640,96","R$ 16.640,96","R$ 13.031,23","R$ 15.902,61","R$ 15.902,61","R$ 15.576,08",,,,,,,,,,,,,,,,,,,,,,,,,,,,,,,"R$ 32.543,57","R$ 32.543,57","R$ 28.607,31"
Educação Infantil,2.063,MANUTENÇÃO DAS ATIVIDADES DA EDUCAÇÃO,284,Contratação por tempo Determinado,15407,"R$ 1.000,00","R$ 10.000,00",,"R$ 5.248,30","R$ 2.039,08","R$ 2.039,08","R$ 2.039,08","R$ 3.712,62","R$ 3.712,62","R$ 3.712,62",,,,,,,,,,,,,,,,,,,,,,,,,,,,,,,"R$ 5.751,70","R$ 5.751,70","R$ 5.751,70"
Educação Infantil,2.063,MANUTENÇÃO DAS ATIVIDADES DA EDUCAÇÃO,285,Vencimentos e Vantagens Fixas - Pessoal Civil,15407,"R$ 400.000,00",,,"R$ 380.754,12","R$ 10.992,15","R$ 10.992,15","R$ 10.992,15","R$ 8.253,73","R$ 8.253,73","R$ 8.253,73",,,,,,,,,,,,,,,,,,,,,,,,,,,,,,,"R$ 19.245,88","R$ 19.245,88","R$ 19.245,88"
Educação Infantil,2.063,MANUTENÇÃO DAS ATIVIDADES DA EDUCAÇÃO,286,Obrigações Patronais,15407,"R$ 230.000,00",,,"R$ 222.454,01","R$ 3.609,73","R$ 3.609,73","R$ 0,00","R$ 3.936,26","R$ 3.936,26","R$ 3.609,73",,,,,,,,,,,,,,,,,,,,,,,,,,,,,,,"R$ 7.545,99","R$ 7.545,99","R$ 3.609,73"
Ensino Geral,2.064,MANUTENÇÃO DA MERENDA ESCOLAR,287,Vencimentos e Vantagens Fixas - Pessoal Civil,1500,"R$ 2.000,00",,,"R$ 2.000,00","R$ 0,00","R$ 0,00","R$ 0,00","R$ 0,00","R$ 0,00","R$ 0,00",,,,,,,,,,,,,,,,,,,,,,,,,,,,,,,"R$ 0,00","R$ 0,00","R$ 0,00"
Ensino Geral,2.064,MANUTENÇÃO DA MERENDA ESCOLAR,288,Materiais de Consumo,1500,"R$ 602.000,00",,,"R$ 510.951,14","R$ 68.028,39","R$ 0,00","R$ 0,00","R$ 23.020,47","R$ 91.048,86","R$ 69.120,63",,,,,,,,,,,,,,,,,,,,,,,,,,,,,,,"R$ 91.048,86","R$ 91.048,86","R$ 69.120,63"
Ensino Geral,2.064,MANUTENÇÃO DA MERENDA ESCOLAR,288,Materiais de Consumo,1552,"R$ 208.000,00",,,"R$ 174.837,94","R$ 10.796,35","R$ 0,00","R$ 0,00","R$ 22.365,71","R$ 21.711,17","R$ 10.796,35",,,,,,,,,,,,,,,,,,,,,,,,,,,,,,,"R$ 33.162,06","R$ 21.711,17","R$ 10.796,35"
Ensino Superior,2.065,MANUTENÇÃO DAS ATIVIDADES DA EDUCAÇÃO,289,AUXÍLIO FINANCEIRO A ESTUDANTES,1500,"R$ 50.000,00",,,"R$ 50.000,00","R$ 0,00","R$ 0,00","R$ 0,00","R$ 0,00","R$ 0,00","R$ 0,00",,,,,,,,,,,,,,,,,,,,,,,,,,,,,,,"R$ 0,00","R$ 0,00","R$ 0,00"
Ensino Superior,2.065,MANUTENÇÃO DAS ATIVIDADES DA EDUCAÇÃO,290,Serviços de Terceiros PJ,1500,"R$ 450.000,00",,,"R$ 408.497,10","R$ 1.200,00","R$ 102,64","R$ 102,64","R$ 40.302,90","R$ 102,64","R$ 102,64",,,,,,,,,,,,,,,,,,,,,,,,,,,,,,,"R$ 41.502,90","R$ 205,28","R$ 205,28"
,,,,,,,,,,,,,,,,,,,,,,,,,,,,,,,,,,,,,,,,,,,,,,"R$ 0,00","R$ 0,00","R$ 0,00"
,,,,,,,,,,,,,,,,,,,,,,,,,,,,,,,,,,,,,,,,,,,,,,"R$ 0,00","R$ 0,00","R$ 0,00"
,,,,,,,,,,,,,,,,,,,,,,,,,,,,,,,,,,,,,,,,,,,,,,"R$ 0,00","R$ 0,00","R$ 0,00"
,,,,,,,,,,,,,,,,,,,,,,,,,,,,,,,,,,,,,,,,,,,,,,"R$ 0,00","R$ 0,00","R$ 0,00"
,,,,,,,,,,,,,,,,,,,,,,,,,,,,,,,,,,,,,,,,,,,,,,"R$ 0,00","R$ 0,00","R$ 0,00"
,,,,,,,,,,,,,,,,,,,,,,,,,,,,,,,,,,,,,,,,,,,,,,"R$ 0,00",,
,,,,,,,,,,,,,,,,,,,,,,,,,,,,,,,,,,,,,,,,,,,,,,"R$ 0,00",,
,,,,,,,,,,,,,,,,,,,,,,,,,,,,,,,,,,,,,,,,,,,,,,"R$ 0,00",,
,,,,,,,,,,,,,,,,,,,,,,,,,,,,,,,,,,,,,,,,,,,,,,"R$ 0,00",,
,,,,,,,,,,,,,,,,,,,,,,,,,,,,,,,,,,,,,,,,,,,,,,"R$ 0,00",,
,,,,,,,,,,,,,,,,,,,,,,,,,,,,,,,,,,,,,,,,,,,,,,"R$ 0,00",,
,,,,,,,,,,,,,,,,,,,,,,,,,,,,,,,,,,,,,,,,,,,,,,"R$ 0,00",,
,,,,,,,,,,,,,,,,,,,,,,,,,,,,,,,,,,,,,,,,,,,,,,"R$ 0,00",,
,,,,,,,,,,,,,,,,,,,,,,,,,,,,,,,,,,,,,,,,,,,,,,"R$ 0,00",,
,,,,,,,,,,,,,,,,,,,,,,,,,,,,,,,,,,,,,,,,,,,,,,"R$ 0,00",,
,,,,,,,,,,,,,,,,,,,,,,,,,,,,,,,,,,,,,,,,,,,,,,"R$ 0,00",,
,,,,,,,,,,,,,,,,,,,,,,,,,,,,,,,,,,,,,,,,,,,,,,"R$ 0,00",,
,,,,,,,,,,,,,,,,,,,,,,,,,,,,,,,,,,,,,,,,,,,,,,"R$ 0,00",,
,,,,,,,,,,,,,,,,,,,,,,,,,,,,,,,,,,,,,,,,,,,,,,"R$ 0,00",,
,,,,,,,,,,,,,,,,,,,,,,,,,,,,,,,,,,,,,,,,,,,,,,"R$ 0,00",,
,,,,,,,,,,,,,,,,,,,,,,,,,,,,,,,,,,,,,,,,,,,,,,"R$ 0,00",,
,,,,,,,,,,,,,,,,,,,,,,,,,,,,,,,,,,,,,,,,,,,,,,"R$ 0,00",,
,,,,,,,,,,,,,,,,,,,,,,,,,,,,,,,,,,,,,,,,,,,,,,"R$ 0,00",,
,,,,,,,,,,,,,,,,,,,,,,,,,,,,,,,,,,,,,,,,,,,,,,"R$ 0,00",,
,,,,,,,,,,,,,,,,,,,,,,,,,,,,,,,,,,,,,,,,,,,,,,"R$ 0,00",,
,,,,,,,,,,,,,,,,,,,,,,,,,,,,,,,,,,,,,,,,,,,,,,"R$ 0,00",,
,,,,,,,,,,,,,,,,,,,,,,,,,,,,,,,,,,,,,,,,,,,,,,"R$ 0,00",,
,,,,,,,,,,,,,,,,,,,,,,,,,,,,,,,,,,,,,,,,,,,,,,"R$ 0,00",,
,,,,,,,,,,,,,,,,,,,,,,,,,,,,,,,,,,,,,,,,,,,,,,"R$ 0,00",,
,,,,,,,,,,,,,,,,,,,,,,,,,,,,,,,,,,,,,,,,,,,,,,"R$ 0,00",,
,,,,,,,,,,,,,,,,,,,,,,,,,,,,,,,,,,,,,,,,,,,,,,"R$ 0,00",,
,,,,,,,,,,,,,,,,,,,,,,,,,,,,,,,,,,,,,,,,,,,,,,"R$ 0,00",,
,,,,,,,,,,,,,,,,,,,,,,,,,,,,,,,,,,,,,,,,,,,,,,"R$ 0,00",,
,,,,,,,,,,,,,,,,,,,,,,,,,,,,,,,,,,,,,,,,,,,,,,"R$ 0,00",,
,,,,,,,,,,,,,,,,,,,,,,,,,,,,,,,,,,,,,,,,,,,,,,"R$ 0,00",,
,,,,,,,,,,,,,,,,,,,,,,,,,,,,,,,,,,,,,,,,,,,,,,"R$ 0,00",,
,,,,,,,,,,,,,,,,,,,,,,,,,,,,,,,,,,,,,,,,,,,,,,"R$ 0,00",,
,,,,,,,,,,,,,,,,,,,,,,,,,,,,,,,,,,,,,,,,,,,,,,"R$ 0,00",,
,,,,,,,,,,,,,,,,,,,,,,,,,,,,,,,,,,,,,,,,,,,,,,"R$ 0,00",,
,,,,,,,,,,,,,,,,,,,,,,,,,,,,,,,,,,,,,,,,,,,,,,"R$ 0,00",,
,,,,,,,,,,,,,,,,,,,,,,,,,,,,,,,,,,,,,,,,,,,,,,"R$ 0,00",,
,,,,,,,,,,,,,,,,,,,,,,,,,,,,,,,,,,,,,,,,,,,,,,"R$ 0,00",,
,,,,,,,,,,,,,,,,,,,,,,,,,,,,,,,,,,,,,,,,,,,,,,"R$ 0,00",,
,,,,,,,,,,,,,,,,,,,,,,,,,,,,,,,,,,,,,,,,,,,,,,"R$ 0,00",,
,,,,,,,,,,,,,,,,,,,,,,,,,,,,,,,,,,,,,,,,,,,,,,"R$ 0,00",,
,,,,,,,,,,,,,,,,,,,,,,,,,,,,,,,,,,,,,,,,,,,,,,"R$ 0,00",,
,,,,,,,,,,,,,,,,,,,,,,,,,,,,,,,,,,,,,,,,,,,,,,"R$ 0,00",,
,,,,,,,,,,,,,,,,,,,,,,,,,,,,,,,,,,,,,,,,,,,,,,"R$ 0,00",,
,,,,,,,,,,,,,,,,,,,,,,,,,,,,,,,,,,,,,,,,,,,,,,"R$ 0,00",,
,,,,,,,,,,,,,,,,,,,,,,,,,,,,,,,,,,,,,,,,,,,,,,"R$ 0,00",,
,,,,,,,,,,,,,,,,,,,,,,,,,,,,,,,,,,,,,,,,,,,,,,"R$ 0,00",,
,,,,,,,,,,,,,,,,,,,,,,,,,,,,,,,,,,,,,,,,,,,,,,"R$ 0,00",,
,,,,,,,,,,,,,,,,,,,,,,,,,,,,,,,,,,,,,,,,,,,,,,"R$ 0,00",,
,,,,,,,,,,,,,,,,,,,,,,,,,,,,,,,,,,,,,,,,,,,,,,"R$ 0,00",,
,,,,,,,,,,,,,,,,,,,,,,,,,,,,,,,,,,,,,,,,,,,,,,"R$ 0,00",,
,,,,,,,,,,,,,,,,,,,,,,,,,,,,,,,,,,,,,,,,,,,,,,"R$ 0,00",,
,,,,,,,,,,,,,,,,,,,,,,,,,,,,,,,,,,,,,,,,,,,,,,"R$ 0,00",,