 ,,,,,,,,,,Empenhado,Liquidado,Pago,Empenhado,Liquidado,Pago,Empenhado,Liquidado,Pago,Empenhado,Liquidado,Pago,Empenhado,Liquidado,Pago,Empenhado,Liquidado,Pago,Empenhado,Liquidado,Pago,Empenhado,Liquidado,Pago,Empenhado,Liquidado,Pago,Empenhado,Liquidado,Pago,Empenhado,Liquidado,Pago,Empenhado,Liquidado,Pago,Empenhado,Liquidado,Pago
Categoria ,Código AT,Atividade ,Ficha,Elemento,Fonte,Orçado,Creditado,Anulado,Saldo,Janeiro,Janeiro,Janeiro,Fevereiro,Fevereiro,Fevereiro,Março,Março,Março,Abril ,Abril ,Abril ,Maio,Maio,Maio,Junho,Junho,Junho,Julho,Julho,Julho,Agosto,Agosto,Agosto,Setembro,Setembro,Setembro,Outubro,Outubro,Outubro,Novembro,Novembro,Novembro,Dezembro,Dezembro,Dezembro,Total,Total,Total
Ensino Geral,1.212.200.032.080,MANUT.ATIV. DEPARTAMENTO DE EDUCAÇÃO,577,Contratação por tempo Determinado,1500,"R$ 4.000,00",,,"R$ 4.000,00","R$ 0,00","R$ 0,00","R$ 0,00","R$ 0,00","R$ 0,00","R$ 0,00","R$ 0,00","R$ 0,00","R$ 0,00","R$ 0,00","R$ 0,00","R$ 0,00",,,,,,,,,,,,,,,,,,,,,,,,,"R$ 0,00","R$ 0,00","R$ 0,00"
Ensino Geral,1.212.200.032.080,MANUT.ATIV. DEPARTAMENTO DE EDUCAÇÃO,578,Vencimentos e Vantagens Fixas - Pessoal Civil,15001,"R$ 240.000,00",,,"R$ 176.683,77","R$ 14.652,73","R$ 14.652,73","R$ 14.652,73","R$ 14.039,14","R$ 14.039,14","R$ 14.039,14","R$ 18.369,13","R$ 18.369,13","R$ 18.369,13","R$ 16.255,23","R$ 16.255,23","R$ 0,00",,,,,,,,,,,,,,,,,,,,,,,,,"R$ 63.316,23","R$ 63.316,23","R$ 47.061,00"
Ensino Geral,1.212.200.032.080,MANUT.ATIV. DEPARTAMENTO DE EDUCAÇÃO,579,Obrigações Patronais,15001,"R$ 200.000,00",,"R$ 780,00","R$ 190.715,42","R$ 2.710,96","R$ 2.710,96","R$ 0,00","R$ 2.621,75","R$ 2.621,75","R$ 2.710,96","R$ 3.171,87","R$ 3.171,87","R$ 2.621,75","R$ 0,00","R$ 0,00","R$ 3.171,87",,,,,,,,,,,,,,,,,,,,,,,,,"R$ 8.504,58","R$ 8.504,58","R$ 8.504,58"
Ensino Geral,1.212.200.032.080,MANUT.ATIV. DEPARTAMENTO DE EDUCAÇÃO,580,Outras Despesas Variáveis - Pessoal Civil,15001,"R$ 20.000,00",,,"R$ 16.324,77","R$ 1.401,34","R$ 1.401,34","R$ 1.401,34","R$ 963,42","R$ 963,42","R$ 963,42","R$ 574,77","R$ 574,77","R$ 574,77","R$ 735,70","R$ 735,70","R$ 0,00",,,,,,,,,,,,,,,,,,,,,,,,,"R$ 3.675,23","R$ 3.675,23","R$ 2.939,53"
Ensino Geral,1.212.200.032.080,MANUT.ATIV. DEPARTAMENTO DE EDUCAÇÃO,581,Indenizações e Restituições Trabalhistas,1500,"R$ 5.000,00",,,"R$ 5.000,00","R$ 0,00","R$ 0,00","R$ 0,00","R$ 0,00","R$ 0,00","R$ 0,00","R$ 0,00","R$ 0,00","R$ 0,00","R$ 0,00","R$ 0,00","R$ 0,00",,,,,,,,,,,,,,,,,,,,,,,,,"R$ 0,00","R$ 0,00","R$ 0,00"
Ensino Geral,1.212.200.032.080,MANUT.ATIV. DEPARTAMENTO DE EDUCAÇÃO,582,Diárias - Pessoal Civil,1500,"R$ 10.000,00",,,"R$ 6.592,00","R$ 0,00","R$ 0,00","R$ 0,00","R$ 180,00","R$ 180,00","R$ 0,00","R$ 5.220,00","R$ 3.008,00","R$ 3.170,00","-R$ 1.992,00","R$ 219,40","R$ 237,40",,,,,,,,,,,,,,,,,,,,,,,,,"R$ 3.408,00","R$ 3.407,40","R$ 3.407,40"
Ensino Geral,1.212.200.032.080,MANUT.ATIV. DEPARTAMENTO DE EDUCAÇÃO,582,,15001,"R$ 0,00",,,"-R$ 3.615,00","R$ 0,00","R$ 0,00","R$ 0,00","R$ 0,00","R$ 0,00","R$ 0,00","R$ 1.940,00","R$ 1.919,44","R$ 1.390,00","R$ 1.675,00","R$ 759,60","R$ 0,00",,,,,,,,,,,,,,,,,,,,,,,,,"R$ 3.615,00","R$ 2.679,04","R$ 1.390,00"
Ensino Geral,1.212.200.032.080,MANUT.ATIV. DEPARTAMENTO DE EDUCAÇÃO,583,Materiais de Consumo,1500,"R$ 50.000,00","R$ 5.485,63",,"R$ 34.654,67","R$ 180,36","R$ 105,36","R$ 0,00","R$ 10.050,00","R$ 75,00","R$ 105,36","R$ 10.600,60","R$ 1.742,40","R$ 75,00","R$ 0,00","R$ 4.304,25","R$ 2.820,40",,,,,,,,,,,,,,,,,,,,,,,,,"R$ 20.830,96","R$ 6.227,01","R$ 3.000,76"
Ensino Geral,1.212.200.032.080,MANUT.ATIV. DEPARTAMENTO DE EDUCAÇÃO,583,Materiais de Consumo,15001,"R$ 0,00",,,"-R$ 34.654,67","R$ 11.013,31","R$ 0,00","R$ 0,00","R$ 19.860,00","R$ 575,51","R$ 0,00","R$ 1.470,78","R$ 3.482,88","R$ 2.587,61","R$ 2.310,58","R$ 2.691,03","R$ 1.851,23",,,,,,,,,,,,,,,,,,,,,,,,,"R$ 34.654,67","R$ 6.749,42","R$ 4.438,84"
Ensino Geral,1.212.200.032.080,MANUT.ATIV. DEPARTAMENTO DE EDUCAÇÃO,584,"Premiação Cult.,Artíst.,Científ.Desport.",1500,"R$ 20.000,00",,,"R$ 20.000,00","R$ 0,00","R$ 0,00","R$ 0,00","R$ 0,00","R$ 0,00","R$ 0,00","R$ 0,00","R$ 0,00","R$ 0,00","R$ 0,00","R$ 0,00","R$ 0,00",,,,,,,,,,,,,,,,,,,,,,,,,"R$ 0,00","R$ 0,00","R$ 0,00"
Ensino Geral,1.212.200.032.080,MANUT.ATIV. DEPARTAMENTO DE EDUCAÇÃO,585,"Material, Bem ou Serviço p/Dist.Gratuita",1500,"R$ 20.000,00",,,"R$ 20.000,00","R$ 0,00","R$ 0,00","R$ 0,00","R$ 0,00","R$ 0,00","R$ 0,00","R$ 0,00","R$ 0,00","R$ 0,00","R$ 0,00","R$ 0,00","R$ 0,00",,,,,,,,,,,,,,,,,,,,,,,,,"R$ 0,00","R$ 0,00","R$ 0,00"
Ensino Geral,1.212.200.032.080,MANUT.ATIV. DEPARTAMENTO DE EDUCAÇÃO,586,Serviços de Terceiro PF,1500,"R$ 25.000,00",,,"R$ 25.000,00","R$ 0,00","R$ 0,00","R$ 0,00","R$ 0,00","R$ 0,00","R$ 0,00","R$ 0,00","R$ 0,00","R$ 0,00","R$ 0,00","R$ 0,00","R$ 0,00",,,,,,,,,,,,,,,,,,,,,,,,,"R$ 0,00","R$ 0,00","R$ 0,00"
Ensino Geral,1.212.200.032.080,MANUT.ATIV. DEPARTAMENTO DE EDUCAÇÃO,587,Serviços de Terceiros PJ,1500,"R$ 150.000,00",,"R$ 6.983,00","R$ 113.149,14","R$ 60,40","R$ 0,00","R$ 0,00","R$ 1.418,00","R$ 1.478,40","R$ 1.478,40","R$ 23.700,91","R$ 10.938,46","R$ 8.998,11","R$ 4.688,55","R$ 8.943,87","R$ 3.158,35",,,,,,,,,,,,,,,,,,,,,,,,,"R$ 29.867,86","R$ 21.360,73","R$ 13.634,86"
Ensino Geral,1.212.200.032.080,MANUT.ATIV. DEPARTAMENTO DE EDUCAÇÃO,587,Serviços de Terceiros PJ,15001,"R$ 0,00",,,"-R$ 108.285,93","R$ 56.111,85","R$ 4.679,18","R$ 0,00","R$ 28.800,00","R$ 2.397,36","R$ 4.679,18","R$ 13.810,86","R$ 6.188,06","R$ 2.397,36","R$ 9.563,22","R$ 22.268,16","R$ 12.719,13",,,,,,,,,,,,,,,,,,,,,,,,,"R$ 108.285,93","R$ 35.532,76","R$ 19.795,67"
Ensino Geral,1.212.200.032.080,MANUT.ATIV. DEPARTAMENTO DE EDUCAÇÃO,588,Auxílio-alimentação,15001,"R$ 0,00",,,"-R$ 42.500,00","R$ 9.500,00","R$ 9.500,00","R$ 9.500,00","R$ 9.500,00","R$ 9.500,00","R$ 9.500,00","R$ 12.700,00","R$ 12.700,00","R$ 12.700,00","R$ 10.800,00","R$ 10.800,00","R$ 0,00",,,,,,,,,,,,,,,,,,,,,,,,,"R$ 42.500,00","R$ 42.500,00","R$ 31.700,00"
Ensino Geral,1.212.200.032.080,MANUTENÇÃO DAS ATIVIDADES DA EDUCAÇÃO,588,,1500,"R$ 30.000,00","R$ 16.800,00",,"R$ 44.400,00","R$ 0,00","R$ 0,00","R$ 0,00","R$ 0,00","R$ 0,00","R$ 0,00","R$ 1.800,00","R$ 1.800,00","R$ 1.800,00","R$ 600,00","R$ 600,00","R$ 0,00",,,,,,,,,,,,,,,,,,,,,,,,,"R$ 2.400,00","R$ 2.400,00","R$ 1.800,00"
Ensino Geral,1.212.200.032.080,MANUT.ATIV. DEPARTAMENTO DE EDUCAÇÃO,589,Obrigações Tributárias e Contributivas,1500,"R$ 3.000,00",,,"R$ 3.000,00","R$ 0,00","R$ 0,00","R$ 0,00","R$ 0,00","R$ 0,00","R$ 0,00","R$ 0,00","R$ 0,00","R$ 0,00","R$ 0,00","R$ 0,00","R$ 0,00",,,,,,,,,,,,,,,,,,,,,,,,,"R$ 0,00","R$ 0,00","R$ 0,00"
Ensino Geral,1.212.200.032.080,MANUT.ATIV. DEPARTAMENTO DE EDUCAÇÃO,590,Indenizações e restrições,1500,"R$ 3.000,00",,,"R$ 3.000,00","R$ 0,00","R$ 0,00","R$ 0,00","R$ 0,00","R$ 0,00","R$ 0,00","R$ 0,00","R$ 0,00","R$ 0,00","R$ 0,00","R$ 0,00","R$ 0,00",,,,,,,,,,,,,,,,,,,,,,,,,"R$ 0,00","R$ 0,00","R$ 0,00"
Ensino Geral,1.212.200.032.080,MANUT.ATIV. DEPARTAMENTO DE EDUCAÇÃO,591,Equipamentos e Materiais Permanentes,15001,"R$ 50.000,00",,,"R$ 44.661,00","R$ 5.339,00","R$ 0,00","R$ 0,00","R$ 0,00","R$ 0,00","R$ 0,00","R$ 0,00","R$ 4.750,00","R$ 0,00","R$ 0,00","R$ 0,00","R$ 4.750,00",,,,,,,,,,,,,,,,,,,,,,,,,"R$ 5.339,00","R$ 4.750,00","R$ 4.750,00"
Ensino Geral,1.212.200.032.080,MANUT.ATIV. DEPARTAMENTO DE EDUCAÇÃO,592,Aquisição de Imóveis,1500,"R$ 30.000,00",,,"R$ 30.000,00","R$ 0,00","R$ 0,00","R$ 0,00","R$ 0,00","R$ 0,00","R$ 0,00","R$ 0,00","R$ 0,00","R$ 0,00","R$ 0,00","R$ 0,00","R$ 0,00",,,,,,,,,,,,,,,,,,,,,,,,,"R$ 0,00","R$ 0,00","R$ 0,00"
Ensino Geral,1.212.200.032.082,MANUT.CONTRIBUIÇÕES SUBVENÇÕES AUXILIOS,593,Contribuições,1500,"R$ 3.000,00",,,"R$ 3.000,00","R$ 0,00","R$ 0,00","R$ 0,00","R$ 0,00","R$ 0,00","R$ 0,00","R$ 0,00","R$ 0,00","R$ 0,00","R$ 0,00","R$ 0,00","R$ 0,00",,,,,,,,,,,,,,,,,,,,,,,,,"R$ 0,00","R$ 0,00","R$ 0,00"
Ensino Fundamental,1.236.100.061.011,CONSTRUÇÃO AMPL.REF.ESCOLAS MUNICIPAIS,594,Obras e Instalações,1500,"R$ 150.000,00",,,"R$ 150.000,00","R$ 0,00","R$ 0,00","R$ 0,00","R$ 0,00","R$ 0,00","R$ 0,00","R$ 0,00","R$ 0,00","R$ 0,00","R$ 0,00","R$ 0,00","R$ 0,00",,,,,,,,,,,,,,,,,,,,,,,,,"R$ 0,00","R$ 0,00","R$ 0,00"
Ensino Fundamental,1.236.100.062.066,MANUTENÇÃO DAS ATIVIDADES DA EDUCAÇÃO,595,Contratação por tempo Determinado,15001,"R$ 5.000,00","R$ 214.000,00",,"R$ 104,63","R$ 5.471,57","R$ 5.471,57","R$ 5.471,57","R$ 5.907,37","R$ 5.907,37","R$ 5.471,57","R$ 125.428,33","R$ 125.428,33","R$ 125.428,33","R$ 82.088,10","R$ 82.088,10","R$ 0,00",,,,,,,,,,,,,,,,,,,,,,,,,"R$ 218.895,37","R$ 218.895,37","R$ 136.371,47"
Ensino Fundamental,1.236.100.062.066,MANUTENÇÃO DAS ATIVIDADES DA EDUCAÇÃO,596,Vencimentos e Vantagens Fixas - Pessoal Civil,15001,"R$ 2.000.000,00",,"R$ 1.505,00","R$ 1.974.808,85","R$ 7.350,98","R$ 7.350,98","R$ 7.350,98","R$ 5.071,57","R$ 5.071,57","R$ 5.071,57","R$ 5.934,54","R$ 5.934,54","R$ 5.934,54","R$ 5.329,06","R$ 5.329,06","R$ 0,00",,,,,,,,,,,,,,,,,,,,,,,,,"R$ 23.686,15","R$ 23.686,15","R$ 18.357,09"
Ensino Fundamental,1.236.100.062.066,MANUTENÇÃO DAS ATIVIDADES DA EDUCAÇÃO,597,Obrigações Patronais,15001,"R$ 300.000,00",,,"R$ 254.379,76","R$ 2.175,21","R$ 2.175,21","R$ 0,00","R$ 2.050,27","R$ 2.050,27","R$ 2.175,21","R$ 24.531,49","R$ 24.531,49","R$ 2.050,27","R$ 16.863,27","R$ 16.863,27","R$ 24.531,49",,,,,,,,,,,,,,,,,,,,,,,,,"R$ 45.620,24","R$ 45.620,24","R$ 28.756,97"
Ensino Fundamental,1.236.100.062.066,MANUTENÇÃO DAS ATIVIDADES DA EDUCAÇÃO,598,Outras Despesas Variáveis - Pessoal Civil,1500,"R$ 50.000,00",,,"R$ 50.000,00","R$ 0,00","R$ 0,00","R$ 0,00","R$ 0,00","R$ 0,00","R$ 0,00","R$ 0,00","R$ 0,00","R$ 0,00","R$ 0,00","R$ 0,00","R$ 0,00",,,,,,,,,,,,,,,,,,,,,,,,,"R$ 0,00","R$ 0,00","R$ 0,00"
Ensino Fundamental,1.236.100.062.066,MANUTENÇÃO DAS ATIVIDADES DA EDUCAÇÃO,599,Indenizações e Restituições Trabalhistas,15001,"R$ 0,00",,,"-R$ 9.081,87","R$ 0,00","R$ 0,00","R$ 0,00","R$ 4.980,63","R$ 4.980,63","R$ 0,00","R$ 4.101,24","R$ 4.101,24","R$ 4.101,24","R$ 0,00","R$ 0,00","R$ 0,00",,,,,,,,,,,,,,,,,,,,,,,,,"R$ 9.081,87","R$ 9.081,87","R$ 4.101,24"
Ensino Fundamental,1.236.100.062.066,MANUTENÇÃO DAS ATIVIDADES DA EDUCAÇÃO,599,,1500,"R$ 3.000,00","R$ 11.200,00",,"R$ 12.088,62","R$ 0,00","R$ 0,00","R$ 0,00","R$ 0,00","R$ 0,00","R$ 0,00","R$ 2.111,38","R$ 2.111,38","R$ 2.111,38","R$ 0,00","R$ 0,00","R$ 0,00",,,,,,,,,,,,,,,,,,,,,,,,,"R$ 2.111,38","R$ 2.111,38","R$ 2.111,38"
Ensino Fundamental,1.236.100.062.066,MANUTENÇÃO DAS ATIVIDADES DA EDUCAÇÃO,600,Diárias - Pessoal Civil,1500,"R$ 10.000,00",,,"R$ 3.430,00","R$ 2.070,00","R$ 0,00","R$ 0,00","R$ 4.500,00","R$ 6.570,00","R$ 2.070,00","R$ 0,00","R$ 0,00","R$ 4.500,00","R$ 0,00","R$ 0,00","R$ 0,00",,,,,,,,,,,,,,,,,,,,,,,,,"R$ 6.570,00","R$ 6.570,00","R$ 6.570,00"
Ensino Fundamental,1.236.100.062.066,MANUTENÇÃO DAS ATIVIDADES DA EDUCAÇÃO,601,Materiais de Consumo,1500,"R$ 450.000,00",,,"R$ 340.816,17","R$ 107.840,55","R$ 734,40","R$ 0,00","R$ 0,00","R$ 628,73","R$ 837,38","R$ 528,76","R$ 180,12","R$ 705,87","R$ 814,52","R$ 0,00","R$ 0,00",,,,,,,,,,,,,,,,,,,,,,,,,"R$ 109.183,83","R$ 1.543,25","R$ 1.543,25"
Ensino Fundamental,1.236.100.062.066,MANUTENÇÃO DAS ATIVIDADES DA EDUCAÇÃO,601,Materiais de Consumo,15001,"R$ 0,00",,,"-R$ 68.995,18","R$ 5.575,39","R$ 0,00","R$ 0,00","R$ 980,03","R$ 1.289,10","R$ 0,00","R$ 15.679,23","R$ 9.220,24","R$ 5.303,76","R$ 46.760,53","R$ 22.479,37","R$ 6.141,33",,,,,,,,,,,,,,,,,,,,,,,,,"R$ 68.995,18","R$ 32.988,71","R$ 11.445,09"
Ensino Fundamental,1.236.100.062.066,MANUTENÇÃO DAS ATIVIDADES DA EDUCAÇÃO,601,,25467,"R$ 0,00","R$ 1.974,13",,"R$ 0,00","R$ 0,00","R$ 0,00","R$ 0,00","R$ 0,00","R$ 0,00","R$ 0,00","R$ 0,00","R$ 0,00","R$ 0,00","R$ 1.974,13","R$ 1.974,13","R$ 0,00",,,,,,,,,,,,,,,,,,,,,,,,,"R$ 1.974,13","R$ 1.974,13","R$ 0,00"
Ensino Fundamental,1.236.100.062.066,MANUTENÇÃO DAS ATIVIDADES DA EDUCAÇÃO,602,Serviços de Terceiro PF,1500,"R$ 140.000,00",,,"R$ 137.933,34","R$ 2.066,66","R$ 2.066,66","R$ 2.066,66","R$ 0,00","R$ 0,00","R$ 0,00","R$ 0,00","R$ 0,00","R$ 0,00","R$ 0,00","R$ 0,00","R$ 0,00",,,,,,,,,,,,,,,,,,,,,,,,,"R$ 2.066,66","R$ 2.066,66","R$ 2.066,66"
Ensino Fundamental,1.236.100.062.066,MANUTENÇÃO DAS ATIVIDADES DA EDUCAÇÃO,602,Serviços de Terceiro PF,15001,"R$ 0,00",,,"-R$ 40.336,28","R$ 486,66","R$ 486,66","R$ 0,00","R$ 12.315,29","R$ 12.315,29","R$ 12.315,29","R$ 13.687,33","R$ 13.687,33","R$ 13.687,33","R$ 13.847,00","R$ 13.847,00","R$ 127,00",,,,,,,,,,,,,,,,,,,,,,,,,"R$ 40.336,28","R$ 40.336,28","R$ 26.129,62"
Ensino Fundamental,1.236.100.062.066,MANUTENÇÃO DAS ATIVIDADES DA EDUCAÇÃO,603,Serviços de Terceiros PJ,15001,"R$ 50.000,00",,,"R$ 28.931,60","R$ 7.170,00","R$ 0,00","R$ 0,00","R$ 0,00","R$ 2.390,00","R$ 0,00","R$ 13.898,40","R$ 2.964,60","R$ 2.390,00","R$ 0,00","R$ 3.643,04","R$ 2.964,60",,,,,,,,,,,,,,,,,,,,,,,,,"R$ 21.068,40","R$ 8.997,64","R$ 5.354,60"
Ensino Fundamental,1.236.100.062.066,MANUTENÇÃO DAS ATIVIDADES DA EDUCAÇÃO,604,Auxílio-alimentação,1500,"R$ 450.000,00",,,"R$ 254.850,01","R$ 46.000,00","R$ 46.000,00","R$ 46.000,00","R$ 45.149,99","R$ 45.149,99","R$ 45.149,99","R$ 54.800,00","R$ 54.800,00","R$ 54.800,00","R$ 49.200,00","R$ 49.200,00","R$ 0,00",,,,,,,,,,,,,,,,,,,,,,,,,"R$ 195.149,99","R$ 195.149,99","R$ 145.949,99"
Ensino Fundamental,1.236.100.062.066,MANUTENÇÃO DAS ATIVIDADES DA EDUCAÇÃO,604,Auxílio-alimentação,15001,"R$ 0,00",,,"-R$ 43.416,67","R$ 2.000,00","R$ 2.000,00","R$ 2.000,00","R$ 2.450,00","R$ 2.450,00","R$ 2.450,00","R$ 24.566,67","R$ 24.566,67","R$ 24.566,67","R$ 14.400,00","R$ 14.400,00","R$ 0,00",,,,,,,,,,,,,,,,,,,,,,,,,"R$ 43.416,67","R$ 43.416,67","R$ 29.016,67"
Ensino Fundamental,1.236.100.062.066,MANUTENÇÃO DAS ATIVIDADES DA EDUCAÇÃO,605,Obrigações Tributárias e Contributivas,1500,"R$ 5.000,00",,,"R$ 5.000,00","R$ 0,00","R$ 0,00","R$ 0,00","R$ 0,00","R$ 0,00","R$ 0,00","R$ 0,00","R$ 0,00","R$ 0,00","R$ 0,00","R$ 0,00","R$ 0,00",,,,,,,,,,,,,,,,,,,,,,,,,"R$ 0,00","R$ 0,00","R$ 0,00"
Ensino Fundamental,1.236.100.062.066,MANUTENÇÃO DAS ATIVIDADES DA EDUCAÇÃO,606,Indenizações e restrições,1500,"R$ 3.000,00",,,"R$ 3.000,00","R$ 0,00","R$ 0,00","R$ 0,00","R$ 0,00","R$ 0,00","R$ 0,00","R$ 0,00","R$ 0,00","R$ 0,00","R$ 0,00","R$ 0,00","R$ 0,00",,,,,,,,,,,,,,,,,,,,,,,,,"R$ 0,00","R$ 0,00","R$ 0,00"
Ensino Fundamental,1.236.100.062.066,MANUTENÇÃO DAS ATIVIDADES DA EDUCAÇÃO,607,Equipamentos e Materiais Permanentes,15001,"R$ 50.000,00",,,"R$ 40.687,50","R$ 4.750,00","R$ 0,00","R$ 0,00","R$ 0,00","R$ 0,00","R$ 0,00","R$ 0,00","R$ 4.750,00","R$ 0,00","R$ 4.562,50","R$ 0,00","R$ 4.750,00",,,,,,,,,,,,,,,,,,,,,,,,,"R$ 9.312,50","R$ 4.750,00","R$ 4.750,00"
Ensino Fundamental,1.236.100.062.067,MANUTENÇÃO DO TRANSPORTE ESCOLAR,608,Contratação por tempo Determinado,15001,"R$ 5.000,00","R$ 3.700,00",,"R$ 83,49","R$ 2.046,07","R$ 2.046,07","R$ 2.046,07","R$ 2.046,07","R$ 2.046,07","R$ 2.046,07","R$ 2.374,88","R$ 2.374,88","R$ 2.374,88","R$ 2.149,49","R$ 2.149,49","R$ 0,00",,,,,,,,,,,,,,,,,,,,,,,,,"R$ 8.616,51","R$ 8.616,51","R$ 6.467,02"
Ensino Fundamental,1.236.100.062.067,MANUTENÇÃO DO TRANSPORTE ESCOLAR,609,Vencimentos e Vantagens Fixas - Pessoal Civil,1500,"R$ 100.000,00",,,"R$ 100.000,00","R$ 0,00","R$ 0,00","R$ 0,00","R$ 0,00","R$ 0,00","R$ 0,00","R$ 0,00","R$ 0,00","R$ 0,00","R$ 0,00","R$ 0,00","R$ 0,00",,,,,,,,,,,,,,,,,,,,,,,,,"R$ 0,00","R$ 0,00","R$ 0,00"
Ensino Fundamental,1.236.100.062.067,MANUTENÇÃO DO TRANSPORTE ESCOLAR,610,Obrigações Patronais,15001,"R$ 10.000,00",,,"R$ 8.636,69","R$ 378,55","R$ 378,55","R$ 0,00","R$ 459,74","R$ 459,74","R$ 378,55","R$ 525,02","R$ 525,02","R$ 459,74","R$ 0,00","R$ 0,00","R$ 525,02",,,,,,,,,,,,,,,,,,,,,,,,,"R$ 1.363,31","R$ 1.363,31","R$ 1.363,31"
Ensino Fundamental,1.236.100.062.067,MANUTENÇÃO DO TRANSPORTE ESCOLAR,611,Outras Despesas Variáveis - Pessoal Civil,15001,"R$ 15.000,00",,,"R$ 13.274,64","R$ 0,00","R$ 0,00","R$ 0,00","R$ 415,75","R$ 415,75","R$ 415,75","R$ 436,54","R$ 436,54","R$ 436,54","R$ 873,07","R$ 873,07","R$ 0,00",,,,,,,,,,,,,,,,,,,,,,,,,"R$ 1.725,36","R$ 1.725,36","R$ 852,29"
Ensino Fundamental,1.236.100.062.067,MANUTENÇÃO DO TRANSPORTE ESCOLAR,612,Indenizações e Restituições Trabalhistas,1500,"R$ 5.000,00",,,"R$ 5.000,00","R$ 0,00","R$ 0,00","R$ 0,00","R$ 0,00","R$ 0,00","R$ 0,00","R$ 0,00","R$ 0,00","R$ 0,00","R$ 0,00","R$ 0,00","R$ 0,00",,,,,,,,,,,,,,,,,,,,,,,,,"R$ 0,00","R$ 0,00","R$ 0,00"
Ensino Fundamental,1.236.100.062.067,MANUTENÇÃO DO TRANSPORTE ESCOLAR,613,Diárias - Pessoal Civil,1500,"R$ 70.000,00",,,"R$ 62.305,00","R$ 35.090,00","R$ 90,00","R$ 0,00","R$ 0,00","R$ 3.330,00","R$ 2.790,00","-R$ 27.395,00","R$ 4.275,00","R$ 4.815,00","R$ 0,00","R$ 0,00","R$ 0,00",,,,,,,,,,,,,,,,,,,,,,,,,"R$ 7.695,00","R$ 7.695,00","R$ 7.605,00"
Ensino Fundamental,1.236.100.062.067,MANUTENÇÃO DO TRANSPORTE ESCOLAR,613,Diárias - Pessoal Civil,15001,"R$ 0,00",,,"-R$ 29.566,00","R$ 901,00","R$ 0,00","R$ 0,00","R$ 2.000,00","R$ 900,00","R$ 900,00","R$ 26.570,00","R$ 2.524,94","R$ 90,00","R$ 95,00","R$ 6.467,70","R$ 4.709,21",,,,,,,,,,,,,,,,,,,,,,,,,"R$ 29.566,00","R$ 9.892,64","R$ 5.699,21"
Ensino Fundamental,1.236.100.062.067,MANUTENÇÃO DO TRANSPORTE ESCOLAR,614,Materiais de Consumo,15001,"R$ 400.000,00",,,"R$ 398.327,67","R$ 1.672,33","R$ 0,00","R$ 0,00","R$ 0,00","R$ 1.672,33","R$ 0,00","R$ 0,00","R$ 0,00","R$ 1.672,33","R$ 0,00","R$ 0,00","R$ 0,00",,,,,,,,,,,,,,,,,,,,,,,,,"R$ 1.672,33","R$ 1.672,33","R$ 1.672,33"
Ensino Fundamental,1.236.100.062.067,MANUTENÇÃO DO TRANSPORTE ESCOLAR,615,Serviços de Terceiro PF,1500,"R$ 5.000,00",,,"R$ 5.000,00","R$ 0,00","R$ 0,00","R$ 0,00","R$ 0,00","R$ 0,00","R$ 0,00","R$ 0,00","R$ 0,00","R$ 0,00","R$ 0,00","R$ 0,00","R$ 0,00",,,,,,,,,,,,,,,,,,,,,,,,,"R$ 0,00","R$ 0,00","R$ 0,00"
Ensino Fundamental,1.236.100.062.067,MANUTENÇÃO DO TRANSPORTE ESCOLAR,616,,1500,"R$ 50.000,00",,,"R$ 48.717,50","R$ 0,00","R$ 0,00","R$ 0,00","R$ 0,00","R$ 0,00","R$ 0,00","R$ 1.282,50","R$ 0,00","R$ 0,00","R$ 0,00","R$ 0,00","R$ 0,00",,,,,,,,,,,,,,,,,,,,,,,,,"R$ 1.282,50","R$ 0,00","R$ 0,00"
Ensino Fundamental,1.236.100.062.067,MANUTENÇÃO DO TRANSPORTE ESCOLAR,616,Serviços de Terceiros PJ,15001,"R$ 0,00",,,"-R$ 21.573,00","R$ 4.070,00","R$ 0,00","R$ 0,00","R$ 0,00","R$ 4.070,00","R$ 4.070,00","R$ 11.943,00","R$ 0,00","R$ 0,00","R$ 5.560,00","R$ 8.183,00","R$ 3.920,00",,,,,,,,,,,,,,,,,,,,,,,,,"R$ 21.573,00","R$ 12.253,00","R$ 7.990,00"
Ensino Fundamental,1.236.100.062.067,MANUTENÇÃO DO TRANSPORTE ESCOLAR,617,Auxílio-alimentação,15001,"R$ 60.000,00",,,"R$ 30.100,00","R$ 6.500,00","R$ 6.500,00","R$ 6.500,00","R$ 6.500,00","R$ 6.500,00","R$ 6.500,00","R$ 9.700,00","R$ 9.700,00","R$ 9.700,00","R$ 7.200,00","R$ 7.200,00","R$ 0,00",,,,,,,,,,,,,,,,,,,,,,,,,"R$ 29.900,00","R$ 29.900,00","R$ 22.700,00"
Ensino Fundamental,1.236.100.062.067,MANUTENÇÃO DO TRANSPORTE ESCOLAR,618,Indenizações e restrições,1500,"R$ 3.000,00",,,"R$ 3.000,00","R$ 0,00","R$ 0,00","R$ 0,00","R$ 0,00","R$ 0,00","R$ 0,00","R$ 0,00","R$ 0,00","R$ 0,00","R$ 0,00","R$ 0,00","R$ 0,00",,,,,,,,,,,,,,,,,,,,,,,,,"R$ 0,00","R$ 0,00","R$ 0,00"
Ensino Fundamental,1.236.100.062.067,MANUTENÇÃO DO TRANSPORTE ESCOLAR,619,Equipamentos e Materiais Permanentes,15001,"R$ 50.000,00","R$ 133.210,00",,"R$ 20,22","R$ 0,00","R$ 0,00","R$ 0,00","R$ 0,00","R$ 0,00","R$ 0,00","R$ 183.189,78","R$ 0,00","R$ 0,00","R$ 0,00","R$ 0,00","R$ 0,00",,,,,,,,,,,,,,,,,,,,,,,,,"R$ 183.189,78","R$ 0,00","R$ 0,00"
Ensino Fundamental,1.236.100.062.067,MANUTENÇÃO DO TRANSPORTE ESCOLAR,619,,2571,"R$ 0,00","R$ 1.499.810,22",,"R$ 1.499.810,22","R$ 0,00","R$ 0,00","R$ 0,00","R$ 0,00","R$ 0,00","R$ 0,00","R$ 0,00","R$ 0,00","R$ 0,00","R$ 0,00","R$ 0,00","R$ 0,00",,,,,,,,,,,,,,,,,,,,,,,,,"R$ 0,00","R$ 0,00","R$ 0,00"
Ensino Fundamental,1.236.100.062.067,MANUTENÇÃO DO TRANSPORTE ESCOLAR,619,,257110,"R$ 0,00",,,"-R$ 564.312,55","R$ 0,00","R$ 0,00","R$ 0,00","R$ 0,00","R$ 0,00","R$ 0,00","R$ 564.312,55","R$ 0,00","R$ 0,00","R$ 0,00","R$ 0,00","R$ 0,00",,,,,,,,,,,,,,,,,,,,,,,,,"R$ 564.312,55","R$ 0,00","R$ 0,00"
Ensino Fundamental,1.236.100.062.067,MANUTENÇÃO DO TRANSPORTE ESCOLAR,619,,257120,"R$ 0,00",,,"-R$ 935.497,67","R$ 0,00","R$ 0,00","R$ 0,00","R$ 0,00","R$ 0,00","R$ 0,00","R$ 935.497,67","R$ 0,00","R$ 0,00","R$ 0,00","R$ 0,00","R$ 0,00",,,,,,,,,,,,,,,,,,,,,,,,,"R$ 935.497,67","R$ 0,00","R$ 0,00"
Ensino Fundamental,1.236.100.062.068,MANUT.CONSERVAÇÃO DE PREDRIOS ESCOLARES,620,Materiais de Consumo,1500,"R$ 50.000,00",,,"R$ 49.551,60","R$ 448,40","R$ 448,40","R$ 0,00","R$ 0,00","R$ 0,00","R$ 448,40","R$ 0,00","R$ 0,00","R$ 0,00","R$ 0,00","R$ 0,00","R$ 0,00",,,,,,,,,,,,,,,,,,,,,,,,,"R$ 448,40","R$ 448,40","R$ 448,40"
Ensino Fundamental,1.236.100.062.068,MANUT.CONSERVAÇÃO DE PREDRIOS ESCOLARES,620,Materiais de Consumo,15001,"R$ 0,00",,,"-R$ 27.444,72","R$ 21.206,17","R$ 9.281,60","R$ 0,00","R$ 1.612,93","R$ 8.092,81","R$ 10.979,85","R$ 2.893,79","R$ 2.891,95","R$ 9.693,49","R$ 1.731,83","R$ 2.893,79","R$ 0,00",,,,,,,,,,,,,,,,,,,,,,,,,"R$ 27.444,72","R$ 23.160,15","R$ 20.673,34"
Ensino Fundamental,1.236.100.062.068,MANUT.CONSERVAÇÃO DE PREDRIOS ESCOLARES,621,Serviços de Terceiro PF,15001,"R$ 10.000,00",,,"R$ 6.443,20","R$ 3.556,80","R$ 0,00","R$ 0,00","R$ 0,00","R$ 3.556,80","R$ 3.556,80","R$ 0,00","R$ 0,00","R$ 0,00","R$ 0,00","R$ 0,00","R$ 0,00",,,,,,,,,,,,,,,,,,,,,,,,,"R$ 3.556,80","R$ 3.556,80","R$ 3.556,80"
Ensino Fundamental,1.236.100.062.068,MANUT.CONSERVAÇÃO DE PREDRIOS ESCOLARES,622,Serviços de Terceiros PJ,1500,"R$ 20.000,00",,,"R$ 20.000,00","R$ 0,00","R$ 0,00","R$ 0,00","R$ 0,00","R$ 0,00","R$ 0,00","R$ 0,00","R$ 0,00","R$ 0,00","R$ 0,00","R$ 0,00","R$ 0,00",,,,,,,,,,,,,,,,,,,,,,,,,"R$ 0,00","R$ 0,00","R$ 0,00"
Ensino Fundamental,1.236.100.064.004,EMENDA IMPOSITIVA 03/2025,623,Equipamentos e Materiais Permanentes,1500,"R$ 79.000,00",,,"R$ 79.000,00","R$ 0,00","R$ 0,00","R$ 0,00","R$ 0,00","R$ 0,00","R$ 0,00","R$ 0,00","R$ 0,00","R$ 0,00","R$ 0,00","R$ 0,00","R$ 0,00",,,,,,,,,,,,,,,,,,,,,,,,,"R$ 0,00","R$ 0,00","R$ 0,00"
Ensino Fundamental,1.236.100.064.005,EMENDA IMPOSITIVA 03/2025,624,Obras e Instalações,1500,"R$ 17.600,00",,,"R$ 17.600,00","R$ 0,00","R$ 0,00","R$ 0,00","R$ 0,00","R$ 0,00","R$ 0,00","R$ 0,00","R$ 0,00","R$ 0,00","R$ 0,00","R$ 0,00","R$ 0,00",,,,,,,,,,,,,,,,,,,,,,,,,"R$ 0,00","R$ 0,00","R$ 0,00"
Ensino Fundamental,1.236.100.064.006,EMENDA IMPOSITIVA 03/2025,625,"Material, Bem ou Serviço p/Dist.Gratuita",1500,"R$ 59.500,00",,,"R$ 59.500,00","R$ 0,00","R$ 0,00","R$ 0,00","R$ 0,00","R$ 0,00","R$ 0,00","R$ 0,00","R$ 0,00","R$ 0,00","R$ 0,00","R$ 0,00","R$ 0,00",,,,,,,,,,,,,,,,,,,,,,,,,"R$ 0,00","R$ 0,00","R$ 0,00"
Educação Infantil,1.236.500.072.069,MANUT.SERVICOS CRECHES,626,Contratação por tempo Determinado,15001,"R$ 10.000,00",,,"R$ 6.121,76","R$ 0,00","R$ 0,00","R$ 0,00","R$ 1.055,30","R$ 1.055,30","R$ 1.055,30","R$ 1.714,87","R$ 1.714,87","R$ 1.714,87","R$ 1.108,07","R$ 1.108,07","R$ 0,00",,,,,,,,,,,,,,,,,,,,,,,,,"R$ 3.878,24","R$ 3.878,24","R$ 2.770,17"
Educação Infantil,1.236.500.072.069,MANUT.SERVICOS CRECHES,627,Vencimentos e Vantagens Fixas - Pessoal Civil,15001,"R$ 900.000,00",,,"R$ 725.984,68","R$ 0,00","R$ 0,00","R$ 0,00","R$ 0,00","R$ 0,00","R$ 0,00","R$ 122.038,60","R$ 122.038,60","R$ 122.038,60","R$ 51.976,72","R$ 51.976,72","R$ 0,00",,,,,,,,,,,,,,,,,,,,,,,,,"R$ 174.015,32","R$ 174.015,32","R$ 122.038,60"
Educação Infantil,1.236.500.072.069,MANUT.SERVICOS CRECHES,628,Obrigações Patronais,15001,"R$ 10.000,00","R$ 25.900,00",,"R$ 10.951,21","R$ 0,00","R$ 0,00","R$ 0,00","R$ 197,07","R$ 197,07","R$ 0,00","R$ 24.042,71","R$ 24.042,71","R$ 197,07","R$ 709,01","R$ 709,01","R$ 23.200,41",,,,,,,,,,,,,,,,,,,,,,,,,"R$ 24.948,79","R$ 24.948,79","R$ 23.397,48"
Educação Infantil,1.236.500.072.069,MANUT.SERVICOS CRECHES,629,Outras Despesas Variáveis - Pessoal Civil,15001,"R$ 5.000,00",,,"R$ 2.860,44","R$ 0,00","R$ 0,00","R$ 0,00","R$ 0,00","R$ 0,00","R$ 0,00","R$ 481,64","R$ 481,64","R$ 481,64","R$ 1.657,92","R$ 1.657,92","R$ 0,00",,,,,,,,,,,,,,,,,,,,,,,,,"R$ 2.139,56","R$ 2.139,56","R$ 481,64"
Educação Infantil,1.236.500.072.069,MANUT.SERVICOS CRECHES,630,Indenizações e Restituições Trabalhistas,15001,"R$ 10.000,00",,,"R$ 8.345,03","R$ 0,00","R$ 0,00","R$ 0,00","R$ 0,00","R$ 0,00","R$ 0,00","R$ 1.285,61","R$ 1.285,61","R$ 1.285,61","R$ 369,36","R$ 369,36","R$ 0,00",,,,,,,,,,,,,,,,,,,,,,,,,"R$ 1.654,97","R$ 1.654,97","R$ 1.285,61"
Educação Infantil,1.236.500.072.069,MANUT.SERVICOS CRECHES,631,Diárias - Pessoal Civil,1500,"R$ 5.000,00",,,"R$ 5.000,00","R$ 0,00","R$ 0,00","R$ 0,00","R$ 0,00","R$ 0,00","R$ 0,00","R$ 0,00","R$ 0,00","R$ 0,00","R$ 0,00","R$ 0,00","R$ 0,00",,,,,,,,,,,,,,,,,,,,,,,,,"R$ 0,00","R$ 0,00","R$ 0,00"
Educação Infantil,1.236.500.072.069,MANUT.SERVICOS CRECHES,632,Materiais de Consumo,1500,"R$ 200.000,00",,"R$ 15.000,00","R$ 85.729,63","R$ 98.395,57","R$ 0,00","R$ 0,00","R$ 0,00","R$ 0,00","R$ 0,00","R$ 0,00","R$ 0,00","R$ 0,00","R$ 874,80","R$ 0,00","R$ 0,00",,,,,,,,,,,,,,,,,,,,,,,,,"R$ 99.270,37","R$ 0,00","R$ 0,00"
Educação Infantil,1.236.500.072.069,MANUT.SERVICOS CRECHES,632,Materiais de Consumo,15001,"R$ 0,00",,,"-R$ 24.961,50","R$ 618,00","R$ 0,00","R$ 0,00","R$ 0,00","R$ 280,00","R$ 0,00","R$ 923,00","R$ 1.261,00","R$ 618,00","R$ 23.420,50","R$ 513,00","R$ 923,00",,,,,,,,,,,,,,,,,,,,,,,,,"R$ 24.961,50","R$ 2.054,00","R$ 1.541,00"
Educação Infantil,1.236.500.072.069,MANUT.SERVICOS CRECHES,633,Serviços de Terceiro PF,1500,"R$ 10.000,00",,,"R$ 10.000,00","R$ 0,00","R$ 0,00","R$ 0,00","R$ 0,00","R$ 0,00","R$ 0,00","R$ 0,00","R$ 0,00","R$ 0,00","R$ 0,00","R$ 0,00","R$ 0,00",,,,,,,,,,,,,,,,,,,,,,,,,"R$ 0,00","R$ 0,00","R$ 0,00"
Educação Infantil,1.236.500.072.069,MANUT.SERVICOS CRECHES,634,Serviços de Terceiros PJ,1500,"R$ 10.000,00",,,"R$ 10.000,00","R$ 0,00","R$ 0,00","R$ 0,00","R$ 0,00","R$ 0,00","R$ 0,00","R$ 0,00","R$ 0,00","R$ 0,00","R$ 0,00","R$ 0,00","R$ 0,00",,,,,,,,,,,,,,,,,,,,,,,,,"R$ 0,00","R$ 0,00","R$ 0,00"
Educação Infantil,1.236.500.072.069,MANUT.SERVICOS CRECHES,635,Auxílio-alimentação,1500,"R$ 130.000,00",,,"R$ 128.746,67","R$ 0,00","R$ 0,00","R$ 0,00","R$ 333,33","R$ 333,33","R$ 333,33","R$ 600,00","R$ 600,00","R$ 600,00","R$ 320,00","R$ 320,00","R$ 0,00",,,,,,,,,,,,,,,,,,,,,,,,,"R$ 1.253,33","R$ 1.253,33","R$ 933,33"
Educação Infantil,1.236.500.072.069,MANUT.SERVICOS CRECHES,635,,15001,"R$ 0,00",,,"-R$ 86.326,67","R$ 18.500,00","R$ 18.500,00","R$ 18.500,00","R$ 18.000,00","R$ 18.000,00","R$ 18.000,00","R$ 30.026,67","R$ 30.026,67","R$ 30.026,67","R$ 19.800,00","R$ 19.800,00","R$ 0,00",,,,,,,,,,,,,,,,,,,,,,,,,"R$ 86.326,67","R$ 86.326,67","R$ 66.526,67"
Educação Infantil,1.236.500.072.069,MANUT.SERVICOS CRECHES,636,Indenizações e Restituições Trabalhistas,1500,"R$ 5.000,00",,,"R$ 5.000,00","R$ 0,00","R$ 0,00","R$ 0,00","R$ 0,00","R$ 0,00","R$ 0,00","R$ 0,00","R$ 0,00","R$ 0,00","R$ 0,00","R$ 0,00","R$ 0,00",,,,,,,,,,,,,,,,,,,,,,,,,"R$ 0,00","R$ 0,00","R$ 0,00"
Educação Infantil,1.236.500.072.069,MANUT.SERVICOS CRECHES,637,Obras e Instalações,1500,"R$ 50.000,00",,,"R$ 50.000,00","R$ 0,00","R$ 0,00","R$ 0,00","R$ 0,00","R$ 0,00","R$ 0,00","R$ 0,00","R$ 0,00","R$ 0,00","R$ 0,00","R$ 0,00","R$ 0,00",,,,,,,,,,,,,,,,,,,,,,,,,"R$ 0,00","R$ 0,00","R$ 0,00"
Educação Infantil,1.236.500.072.069,MANUT.SERVICOS CRECHES,638,Equipamentos e Materiais Permanentes,1500,"R$ 50.000,00",,"R$ 3.200,00","R$ 44.050,00","R$ 0,00","R$ 0,00","R$ 0,00","R$ 0,00","R$ 0,00","R$ 0,00","R$ 2.750,00","R$ 2.750,00","R$ 0,00","R$ 0,00","R$ 0,00","R$ 2.750,00",,,,,,,,,,,,,,,,,,,,,,,,,"R$ 2.750,00","R$ 2.750,00","R$ 2.750,00"
Educação Infantil,1.236.500.072.069,MANUTENÇÃO DAS ATIVIDADES DA EDUCAÇÃO,639,Contratação por tempo Determinado,1500,"R$ 5.000,00",,,"R$ 5.000,00","R$ 0,00","R$ 0,00","R$ 0,00","R$ 0,00","R$ 0,00","R$ 0,00","R$ 0,00","R$ 0,00","R$ 0,00","R$ 0,00","R$ 0,00","R$ 0,00",,,,,,,,,,,,,,,,,,,,,,,,,"R$ 0,00","R$ 0,00","R$ 0,00"
Educação Infantil,1.236.500.072.069,MANUTENÇÃO DAS ATIVIDADES DA EDUCAÇÃO,640,Vencimentos e Vantagens Fixas - Pessoal Civil,15001,"R$ 50.000,00",,,"R$ 44.157,99","R$ 0,00","R$ 0,00","R$ 0,00","R$ 1.582,81","R$ 1.582,81","R$ 1.582,81","R$ 2.244,71","R$ 2.244,71","R$ 2.244,71","R$ 2.014,49","R$ 2.014,49","R$ 0,00",,,,,,,,,,,,,,,,,,,,,,,,,"R$ 5.842,01","R$ 5.842,01","R$ 3.827,52"
Educação Infantil,1.236.500.072.069,MANUTENÇÃO DAS ATIVIDADES DA EDUCAÇÃO,641,Obrigações Patronais,15001,"R$ 5.000,00",,,"R$ 3.900,97","R$ 0,00","R$ 0,00","R$ 0,00","R$ 295,58","R$ 295,58","R$ 0,00","R$ 419,19","R$ 419,19","R$ 295,58","R$ 384,26","R$ 384,26","R$ 419,19",,,,,,,,,,,,,,,,,,,,,,,,,"R$ 1.099,03","R$ 1.099,03","R$ 714,77"
Educação Infantil,1.236.500.072.069,MANUTENÇÃO DAS ATIVIDADES DA EDUCAÇÃO,642,Indenizações e Restituições Trabalhistas,1500,"R$ 5.000,00",,,"R$ 5.000,00","R$ 0,00","R$ 0,00","R$ 0,00","R$ 0,00","R$ 0,00","R$ 0,00","R$ 0,00","R$ 0,00","R$ 0,00","R$ 0,00","R$ 0,00","R$ 0,00",,,,,,,,,,,,,,,,,,,,,,,,,"R$ 0,00","R$ 0,00","R$ 0,00"
Educação Infantil,1.236.500.072.069,MANUTENÇÃO DAS ATIVIDADES DA EDUCAÇÃO,643,,1500,"R$ 5.000,00",,,"R$ 4.794,00","R$ 0,00","R$ 0,00","R$ 0,00","R$ 206,00","R$ 0,00","R$ 0,00","R$ 0,00","R$ 206,00","R$ 206,00","R$ 0,00","R$ 0,00","R$ 0,00",,,,,,,,,,,,,,,,,,,,,,,,,"R$ 206,00","R$ 206,00","R$ 206,00"
Educação Infantil,1.236.500.072.069,MANUTENÇÃO DAS ATIVIDADES DA EDUCAÇÃO,643,Materiais de Consumo,15001,"R$ 0,00",,,"-R$ 1.230,00","R$ 0,00","R$ 0,00","R$ 0,00","R$ 0,00","R$ 0,00","R$ 0,00","R$ 820,00","R$ 820,00","R$ 0,00","R$ 410,00","R$ 0,00","R$ 820,00",,,,,,,,,,,,,,,,,,,,,,,,,"R$ 1.230,00","R$ 820,00","R$ 820,00"
Educação Infantil,1.236.500.072.069,MANUTENÇÃO DAS ATIVIDADES DA EDUCAÇÃO,644,Serviços de Terceiro PF,1500,"R$ 5.000,00",,,"R$ 5.000,00","R$ 0,00","R$ 0,00","R$ 0,00","R$ 0,00","R$ 0,00","R$ 0,00","R$ 0,00","R$ 0,00","R$ 0,00","R$ 0,00","R$ 0,00","R$ 0,00",,,,,,,,,,,,,,,,,,,,,,,,,"R$ 0,00","R$ 0,00","R$ 0,00"
Educação Infantil,1.236.500.072.069,MANUTENÇÃO DAS ATIVIDADES DA EDUCAÇÃO,645,Serviços de Terceiros PJ,15001,"R$ 5.000,00",,,"R$ 2.400,00","R$ 0,00","R$ 0,00","R$ 0,00","R$ 2.600,00","R$ 0,00","R$ 0,00","R$ 0,00","R$ 2.600,00","R$ 2.600,00","R$ 0,00","R$ 0,00","R$ 0,00",,,,,,,,,,,,,,,,,,,,,,,,,"R$ 2.600,00","R$ 2.600,00","R$ 2.600,00"
Educação Infantil,1.236.500.072.069,MANUTENÇÃO DAS ATIVIDADES DA EDUCAÇÃO,646,Obras e Instalações,1500,"R$ 15.000,00",,,"R$ 15.000,00","R$ 0,00","R$ 0,00","R$ 0,00","R$ 0,00","R$ 0,00","R$ 0,00","R$ 0,00","R$ 0,00","R$ 0,00","R$ 0,00","R$ 0,00","R$ 0,00",,,,,,,,,,,,,,,,,,,,,,,,,"R$ 0,00","R$ 0,00","R$ 0,00"
Educação Infantil,1.236.500.072.069,MANUTENÇÃO DAS ATIVIDADES DA EDUCAÇÃO,647,Equipamentos e Materiais Permanentes,15001,"R$ 5.000,00",,,"R$ 1.490,03","R$ 0,00","R$ 0,00","R$ 0,00","R$ 0,00","R$ 0,00","R$ 0,00","R$ 3.509,97","R$ 715,00","R$ 0,00","R$ 0,00","R$ 0,00","R$ 0,00",,,,,,,,,,,,,,,,,,,,,,,,,"R$ 3.509,97","R$ 715,00","R$ 0,00"
Ensino Fundamental,1.236.600.062.071,MANUT.ENSINO JOVENS E ADULTOS - EJA,648,Vencimentos e Vantagens Fixas - Pessoal Civil,1500,"R$ 150.000,00",,,"R$ 150.000,00","R$ 0,00","R$ 0,00","R$ 0,00","R$ 0,00","R$ 0,00","R$ 0,00","R$ 0,00","R$ 0,00","R$ 0,00","R$ 0,00","R$ 0,00","R$ 0,00",,,,,,,,,,,,,,,,,,,,,,,,,"R$ 0,00","R$ 0,00","R$ 0,00"
Ensino Fundamental,1.236.600.062.071,MANUT.ENSINO JOVENS E ADULTOS - EJA,649,Materiais de Consumo,1500,"R$ 50.000,00",,"R$ 20.700,00","R$ 29.300,00","R$ 0,00","R$ 0,00","R$ 0,00","R$ 0,00","R$ 0,00","R$ 0,00","R$ 0,00","R$ 0,00","R$ 0,00","R$ 0,00","R$ 0,00","R$ 0,00",,,,,,,,,,,,,,,,,,,,,,,,,"R$ 0,00","R$ 0,00","R$ 0,00"
Ensino Fundamental,1.236.600.062.071,MANUT.ENSINO JOVENS E ADULTOS - EJA,650,Serviços de Terceiro PF,1500,"R$ 1.000,00",,,"R$ 1.000,00","R$ 0,00","R$ 0,00","R$ 0,00","R$ 0,00","R$ 0,00","R$ 0,00","R$ 0,00","R$ 0,00","R$ 0,00","R$ 0,00","R$ 0,00","R$ 0,00",,,,,,,,,,,,,,,,,,,,,,,,,"R$ 0,00","R$ 0,00","R$ 0,00"
Ensino Fundamental,1.236.600.062.071,MANUT.ENSINO JOVENS E ADULTOS - EJA,651,Serviços de Terceiros PJ,1500,"R$ 30.000,00",,,"R$ 30.000,00","R$ 0,00","R$ 0,00","R$ 0,00","R$ 0,00","R$ 0,00","R$ 0,00","R$ 0,00","R$ 0,00","R$ 0,00","R$ 0,00","R$ 0,00","R$ 0,00",,,,,,,,,,,,,,,,,,,,,,,,,"R$ 0,00","R$ 0,00","R$ 0,00"
Ensino Fundamental,1.236.600.062.071,MANUT.ENSINO JOVENS E ADULTOS - EJA,652,Equipamentos e Materiais Permanentes,1500,"R$ 2.000,00",,,"R$ 2.000,00","R$ 0,00","R$ 0,00","R$ 0,00","R$ 0,00","R$ 0,00","R$ 0,00","R$ 0,00","R$ 0,00","R$ 0,00","R$ 0,00","R$ 0,00","R$ 0,00",,,,,,,,,,,,,,,,,,,,,,,,,"R$ 0,00","R$ 0,00","R$ 0,00"
Ensino Fundamental,1.236.700.032.086,MANUT.EDUCAÇÃO ESPECIAL,653,Subvenções Sociais,1500,"R$ 200.000,00",,,"R$ 200.000,00","R$ 0,00","R$ 0,00","R$ 0,00","R$ 0,00","R$ 0,00","R$ 0,00","R$ 0,00","R$ 0,00","R$ 0,00","R$ 0,00","R$ 0,00","R$ 0,00",,,,,,,,,,,,,,,,,,,,,,,,,"R$ 0,00","R$ 0,00","R$ 0,00"
Ensino Fundamental,1.236.100.062.266,MANUTENÇÃO DAS ATIVIDADES DA EDUCAÇÃO,654,Contratação por tempo Determinado,15407,"R$ 5.000,00","R$ 199.000,00",,"R$ 25,99","R$ 101.491,14","R$ 101.491,14","R$ 101.491,14","R$ 101.039,23","R$ 101.039,23","R$ 101.039,23","R$ 1.443,64","R$ 1.443,64","R$ 1.443,64","R$ 0,00","R$ 0,00","R$ 0,00",,,,,,,,,,,,,,,,,,,,,,,,,"R$ 203.974,01","R$ 203.974,01","R$ 203.974,01"
Ensino Fundamental,1.236.100.062.266,MANUTENÇÃO DAS ATIVIDADES DA EDUCAÇÃO,654,,25407,"R$ 0,00","R$ 3.937,19",,"R$ 0,00","R$ 0,00","R$ 0,00","R$ 0,00","R$ 0,00","R$ 0,00","R$ 0,00","R$ 0,00","R$ 0,00","R$ 0,00","R$ 3.937,19","R$ 3.937,19","R$ 0,00",,,,,,,,,,,,,,,,,,,,,,,,,"R$ 3.937,19","R$ 3.937,19","R$ 0,00"
Ensino Fundamental,1.236.100.062.266,MANUTENÇÃO DAS ATIVIDADES DA EDUCAÇÃO,654,,25467,"R$ 0,00","R$ 46.115,26",,"R$ 0,00","R$ 0,00","R$ 0,00","R$ 0,00","R$ 0,00","R$ 0,00","R$ 0,00","R$ 0,00","R$ 0,00","R$ 0,00","R$ 46.115,26","R$ 46.115,26","R$ 0,00",,,,,,,,,,,,,,,,,,,,,,,,,"R$ 46.115,26","R$ 46.115,26","R$ 0,00"
Ensino Fundamental,1.236.100.062.266,MANUTENÇÃO DAS ATIVIDADES DA EDUCAÇÃO,655,Vencimentos e Vantagens Fixas - Pessoal Civil,15407,"R$ 2.500.000,00",,"R$ 477.235,88","R$ 1.034.469,00","R$ 369.502,18","R$ 369.502,18","R$ 369.502,18","R$ 286.478,01","R$ 286.478,01","R$ 286.478,01","R$ 332.314,93","R$ 332.314,93","R$ 332.314,93","R$ 0,00","R$ 0,00","R$ 0,00",,,,,,,,,,,,,,,,,,,,,,,,,"R$ 988.295,12","R$ 988.295,12","R$ 988.295,12"
Ensino Fundamental,1.236.100.062.266,MANUTENÇÃO DAS ATIVIDADES DA EDUCAÇÃO,655,Vencimentos e Vantagens Fixas - Pessoal Civil,1543,"R$ 250.000,00",,,"R$ 250.000,00","R$ 0,00","R$ 0,00","R$ 0,00","R$ 0,00","R$ 0,00","R$ 0,00","R$ 0,00","R$ 0,00","R$ 0,00","R$ 0,00","R$ 0,00","R$ 0,00",,,,,,,,,,,,,,,,,,,,,,,,,"R$ 0,00","R$ 0,00","R$ 0,00"
Ensino Fundamental,1.236.100.062.266,MANUTENÇÃO DAS ATIVIDADES DA EDUCAÇÃO,655,,24507,"R$ 0,00","R$ 297.447,01",,"R$ 0,00","R$ 0,00","R$ 0,00","R$ 0,00","R$ 0,00","R$ 0,00","R$ 0,00","R$ 0,00","R$ 0,00","R$ 0,00","R$ 297.447,01","R$ 297.447,01","R$ 0,00",,,,,,,,,,,,,,,,,,,,,,,,,"R$ 297.447,01","R$ 297.447,01","R$ 0,00"
Ensino Fundamental,1.236.100.062.266,MANUTENÇÃO DAS ATIVIDADES DA EDUCAÇÃO,655,,25467,"R$ 0,00","R$ 18.738,41",,"R$ 0,00","R$ 0,00","R$ 0,00","R$ 0,00","R$ 0,00","R$ 0,00","R$ 0,00","R$ 0,00","R$ 0,00","R$ 0,00","R$ 18.738,41","R$ 18.738,41","R$ 0,00",,,,,,,,,,,,,,,,,,,,,,,,,"R$ 18.738,41","R$ 18.738,41","R$ 0,00"
Ensino Fundamental,1.236.100.062.266,MANUTENÇÃO DAS ATIVIDADES DA EDUCAÇÃO,656,Obrigações Patronais,15407,"R$ 600.000,00",,"R$ 1.000,00","R$ 313.359,76","R$ 89.223,61","R$ 89.223,61","R$ 0,00","R$ 72.757,81","R$ 72.757,81","R$ 89.223,61","R$ 64.299,39","R$ 64.299,39","R$ 72.905,22","R$ 59.359,43","R$ 59.359,43","R$ 62.328,08",,,,,,,,,,,,,,,,,,,,,,,,,"R$ 285.640,24","R$ 285.640,24","R$ 224.456,91"
Ensino Fundamental,1.236.100.062.266,MANUTENÇÃO DAS ATIVIDADES DA EDUCAÇÃO,656,,25467,"R$ 0,00","R$ 12.583,39",,"R$ 0,00","R$ 0,00","R$ 0,00","R$ 0,00","R$ 0,00","R$ 0,00","R$ 0,00","R$ 0,00","R$ 0,00","R$ 0,00","R$ 12.583,39","R$ 12.583,39","R$ 12.583,39",,,,,,,,,,,,,,,,,,,,,,,,,"R$ 12.583,39","R$ 12.583,39","R$ 12.583,39"
Ensino Fundamental,1.236.100.062.266,MANUTENÇÃO DAS ATIVIDADES DA EDUCAÇÃO,657,Outras Despesas Variáveis - Pessoal Civil,15407,"R$ 50.000,00",,"R$ 9.375,69","R$ 39.915,91","R$ 644,00","R$ 644,00","R$ 644,00","R$ 64,40","R$ 64,40","R$ 64,40","R$ 0,00","R$ 0,00","R$ 0,00","R$ 0,00","R$ 0,00","R$ 0,00",,,,,,,,,,,,,,,,,,,,,,,,,"R$ 708,40","R$ 708,40","R$ 708,40"
Ensino Fundamental,1.236.100.062.266,MANUTENÇÃO DAS ATIVIDADES DA EDUCAÇÃO,657,,25467,"R$ 0,00","R$ 1.115,69",,"R$ 0,00","R$ 0,00","R$ 0,00","R$ 0,00","R$ 0,00","R$ 0,00","R$ 0,00","R$ 0,00","R$ 0,00","R$ 0,00","R$ 1.115,69","R$ 1.115,69","R$ 0,00",,,,,,,,,,,,,,,,,,,,,,,,,"R$ 1.115,69","R$ 1.115,69","R$ 0,00"
Ensino Fundamental,1.236.100.062.266,MANUTENÇÃO DAS ATIVIDADES DA EDUCAÇÃO,658,Indenizações e Restituições Trabalhistas,15407,"R$ 3.000,00",,,"R$ 3.000,00","R$ 0,00","R$ 0,00","R$ 0,00","R$ 0,00","R$ 0,00","R$ 0,00","R$ 0,00","R$ 0,00","R$ 0,00","R$ 0,00","R$ 0,00","R$ 0,00",,,,,,,,,,,,,,,,,,,,,,,,,"R$ 0,00","R$ 0,00","R$ 0,00"
Ensino Fundamental,1.236.100.062.267,MANUTENÇÃO DAS ATIVIDADES DA EDUCAÇÃO,659,Contratação por tempo Determinado,15403,"R$ 5.000,00",,,"R$ 5.000,00","R$ 0,00","R$ 0,00","R$ 0,00","R$ 0,00","R$ 0,00","R$ 0,00","R$ 0,00","R$ 0,00","R$ 0,00","R$ 0,00","R$ 0,00","R$ 0,00",,,,,,,,,,,,,,,,,,,,,,,,,"R$ 0,00","R$ 0,00","R$ 0,00"
Ensino Fundamental,1.236.100.062.267,MANUTENÇÃO DAS ATIVIDADES DA EDUCAÇÃO,660,Vencimentos e Vantagens Fixas - Pessoal Civil,15403,"R$ 50.000,00",,,"R$ 17.473,33","R$ 10.751,18","R$ 10.751,18","R$ 10.751,18","R$ 8.103,31","R$ 8.103,31","R$ 8.103,31","R$ 9.717,20","R$ 9.717,20","R$ 9.717,20","R$ 3.954,98","R$ 3.954,98","R$ 0,00",,,,,,,,,,,,,,,,,,,,,,,,,"R$ 32.526,67","R$ 32.526,67","R$ 28.571,69"
Ensino Fundamental,1.236.100.062.267,MANUTENÇÃO DAS ATIVIDADES DA EDUCAÇÃO,661,Obrigações Patronais,15403,"R$ 13.000,00",,,"R$ 6.928,57","R$ 1.989,12","R$ 1.989,12","R$ 0,00","R$ 1.513,26","R$ 1.513,26","R$ 1.989,12","R$ 1.814,65","R$ 1.814,65","R$ 1.513,26","R$ 754,40","R$ 754,40","R$ 1.814,65",,,,,,,,,,,,,,,,,,,,,,,,,"R$ 6.071,43","R$ 6.071,43","R$ 5.317,03"
Ensino Fundamental,1.236.100.062.267,MANUTENÇÃO DAS ATIVIDADES DA EDUCAÇÃO,661,,2540,"R$ 0,00","R$ 13.562,75",,"R$ 0,00","R$ 0,00","R$ 0,00","R$ 0,00","R$ 0,00","R$ 0,00","R$ 0,00","R$ 0,00","R$ 0,00","R$ 0,00","R$ 13.562,75","R$ 13.562,75","R$ 0,00",,,,,,,,,,,,,,,,,,,,,,,,,"R$ 13.562,75","R$ 13.562,75","R$ 0,00"
Ensino Fundamental,1.236.100.062.267,MANUTENÇÃO DAS ATIVIDADES DA EDUCAÇÃO,662,Indenizações e Restituições Trabalhistas,15403,"R$ 5.000,00",,,"R$ 5.000,00","R$ 0,00","R$ 0,00","R$ 0,00","R$ 0,00","R$ 0,00","R$ 0,00","R$ 0,00","R$ 0,00","R$ 0,00","R$ 0,00","R$ 0,00","R$ 0,00",,,,,,,,,,,,,,,,,,,,,,,,,"R$ 0,00","R$ 0,00","R$ 0,00"
Ensino Fundamental,1.236.100.062.267,MANUTENÇÃO DAS ATIVIDADES DA EDUCAÇÃO,663,Materiais de Consumo,15403,"R$ 15.000,00","R$ 86.865,97",,"R$ 150,00","R$ 101.865,97","R$ 0,00","R$ 0,00","R$ 0,00","R$ 34.128,26","R$ 8.895,00","R$ 0,00","R$ 27.903,46","R$ 50.332,37","-R$ 150,00","R$ 9.642,69","R$ 12.447,04",,,,,,,,,,,,,,,,,,,,,,,,,"R$ 101.715,97","R$ 71.674,41","R$ 71.674,41"
Ensino Fundamental,1.236.100.062.267,MANUTENÇÃO DAS ATIVIDADES DA EDUCAÇÃO,664,Serviços de Terceiro PF,15403,"R$ 5.000,00",,"R$ 4.800,00","R$ 200,00","R$ 0,00","R$ 0,00","R$ 0,00","R$ 0,00","R$ 0,00","R$ 0,00","R$ 0,00","R$ 0,00","R$ 0,00","R$ 0,00","R$ 0,00","R$ 0,00",,,,,,,,,,,,,,,,,,,,,,,,,"R$ 0,00","R$ 0,00","R$ 0,00"
Ensino Fundamental,1.236.100.062.267,MANUTENÇÃO DAS ATIVIDADES DA EDUCAÇÃO,665,Serviços de Terceiros PJ,15403,"R$ 10.000,00",,"R$ 8.300,00","R$ 1.700,00","R$ 0,00","R$ 0,00","R$ 0,00","R$ 0,00","R$ 0,00","R$ 0,00","R$ 0,00","R$ 0,00","R$ 0,00","R$ 0,00","R$ 0,00","R$ 0,00",,,,,,,,,,,,,,,,,,,,,,,,,"R$ 0,00","R$ 0,00","R$ 0,00"
Ensino Fundamental,1.236.100.062.267,MANUTENÇÃO DAS ATIVIDADES DA EDUCAÇÃO,666,Auxílio-alimentação,15403,"R$ 41.000,00",,,"R$ 33.666,67","R$ 1.500,00","R$ 1.500,00","R$ 1.500,00","R$ 1.633,33","R$ 1.633,33","R$ 1.633,33","R$ 3.000,00","R$ 3.000,00","R$ 3.000,00","R$ 1.200,00","R$ 1.200,00","R$ 0,00",,,,,,,,,,,,,,,,,,,,,,,,,"R$ 7.333,33","R$ 7.333,33","R$ 6.133,33"
Ensino Fundamental,1.236.100.062.267,MANUTENÇÃO DAS ATIVIDADES DA EDUCAÇÃO,667,Indenizações e restrições,15403,"R$ 3.000,00",,,"R$ 3.000,00","R$ 0,00","R$ 0,00","R$ 0,00","R$ 0,00","R$ 0,00","R$ 0,00","R$ 0,00","R$ 0,00","R$ 0,00","R$ 0,00","R$ 0,00","R$ 0,00",,,,,,,,,,,,,,,,,,,,,,,,,"R$ 0,00","R$ 0,00","R$ 0,00"
Ensino Fundamental,1.236.100.062.267,MANUTENÇÃO DAS ATIVIDADES DA EDUCAÇÃO,668,Equipamentos e Materiais Permanentes,15403,"R$ 10.000,00",,"R$ 7.672,00","R$ 2.328,00","R$ 0,00","R$ 0,00","R$ 0,00","R$ 0,00","R$ 0,00","R$ 0,00","R$ 0,00","R$ 0,00","R$ 0,00","R$ 0,00","R$ 0,00","R$ 0,00",,,,,,,,,,,,,,,,,,,,,,,,,"R$ 0,00","R$ 0,00","R$ 0,00"
Ensino Fundamental,1.236.100.062.268,MANUTENÇÃO DO TRANSPORTE ESCOLAR,669,Contratação por tempo Determinado,15407,"R$ 5.000,00",,,"R$ 66,11","R$ 0,00","R$ 0,00","R$ 0,00","R$ 545,62","R$ 545,62","R$ 545,62","R$ 2.176,77","R$ 2.176,77","R$ 2.176,77","R$ 2.211,50","R$ 2.211,50","R$ 0,00",,,,,,,,,,,,,,,,,,,,,,,,,"R$ 4.933,89","R$ 4.933,89","R$ 2.722,39"
Ensino Fundamental,1.236.100.062.268,MANUTENÇÃO DO TRANSPORTE ESCOLAR,670,Vencimentos e Vantagens Fixas - Pessoal Civil,15407,"R$ 100.000,00","R$ 1.000,00",,"R$ 233,44","R$ 42.309,02","R$ 42.309,02","R$ 42.309,02","R$ 26.549,85","R$ 26.549,85","R$ 26.549,85","R$ 31.907,69","R$ 31.907,69","R$ 31.907,69","R$ 0,00","R$ 0,00","R$ 0,00",,,,,,,,,,,,,,,,,,,,,,,,,"R$ 100.766,56","R$ 100.766,56","R$ 100.766,56"
Ensino Fundamental,1.236.100.062.268,MANUTENÇÃO DO TRANSPORTE ESCOLAR,670,,25407,"R$ 0,00",,,"-R$ 27.230,38",,,,,,,,,,"R$ 27.230,38","R$ 27.230,38","R$ 27.230,38",,,,,,,,,,,,,,,,,,,,,,,,,"R$ 27.230,38","R$ 27.230,38","R$ 27.230,38"
Ensino Fundamental,1.236.100.062.268,MANUTENÇÃO DO TRANSPORTE ESCOLAR,671,Obrigações Patronais,15407,"R$ 10.000,00","R$ 11.200,00",,"R$ 631,11","R$ 7.469,91","R$ 7.469,91","R$ 0,00","R$ 5.490,75","R$ 5.490,75","R$ 7.469,91","R$ 7.186,40","R$ 7.186,40","R$ 5.490,75","R$ 421,83","R$ 421,83","R$ 7.186,40",,,,,,,,,,,,,,,,,,,,,,,,,"R$ 20.568,89","R$ 20.568,89","R$ 20.147,06"
Ensino Fundamental,1.236.100.062.268,MANUTENÇÃO DO TRANSPORTE ESCOLAR,671,,25407,"R$ 0,00","R$ 6.210,36",,"R$ 0,00","R$ 0,00","R$ 0,00","R$ 0,00","R$ 0,00","R$ 0,00","R$ 0,00","R$ 0,00","R$ 0,00","R$ 0,00","R$ 6.210,36","R$ 6.210,36","R$ 0,00",,,,,,,,,,,,,,,,,,,,,,,,,"R$ 6.210,36","R$ 6.210,36","R$ 0,00"
Ensino Fundamental,1.236.100.062.268,MANUTENÇÃO DO TRANSPORTE ESCOLAR,672,Outras Despesas Variáveis - Pessoal Civil,15407,"R$ 5.000,00","R$ 1.800,00",,"R$ 95,48","R$ 0,00","R$ 0,00","R$ 0,00","R$ 2.306,77","R$ 2.306,77","R$ 2.306,77","R$ 4.397,75","R$ 4.397,75","R$ 4.397,75","R$ 0,00","R$ 0,00","R$ 0,00",,,,,,,,,,,,,,,,,,,,,,,,,"R$ 6.704,52","R$ 6.704,52","R$ 6.704,52"
Ensino Fundamental,1.236.100.062.268,MANUTENÇÃO DO TRANSPORTE ESCOLAR,672,,25407,"R$ 0,00","R$ 5.327,89",,"R$ 0,00","R$ 0,00","R$ 0,00","R$ 0,00","R$ 0,00","R$ 0,00","R$ 0,00","R$ 0,00","R$ 0,00","R$ 0,00","R$ 5.327,89","R$ 5.327,89","R$ 0,00",,,,,,,,,,,,,,,,,,,,,,,,,"R$ 5.327,89","R$ 5.327,89","R$ 0,00"
Ensino Fundamental,1.236.100.062.268,MANUTENÇÃO DO TRANSPORTE ESCOLAR,673,Indenizações e Restituições Trabalhistas,15407,"R$ 3.000,00",,,"R$ 3.000,00","R$ 0,00","R$ 0,00","R$ 0,00","R$ 0,00","R$ 0,00","R$ 0,00","R$ 0,00","R$ 0,00","R$ 0,00","R$ 0,00","R$ 0,00","R$ 0,00",,,,,,,,,,,,,,,,,,,,,,,,,"R$ 0,00","R$ 0,00","R$ 0,00"
Ensino Fundamental,1.236.100.062.268,MANUTENÇÃO DO TRANSPORTE ESCOLAR,674,Contratação por tempo Determinado,15403,"R$ 5.000,00",,,"R$ 5.000,00","R$ 0,00","R$ 0,00","R$ 0,00","R$ 0,00","R$ 0,00","R$ 0,00","R$ 0,00","R$ 0,00","R$ 0,00","R$ 0,00","R$ 0,00","R$ 0,00",,,,,,,,,,,,,,,,,,,,,,,,,"R$ 0,00","R$ 0,00","R$ 0,00"
Ensino Fundamental,1.236.100.062.268,MANUTENÇÃO DO TRANSPORTE ESCOLAR,675,Vencimentos e Vantagens Fixas - Pessoal Civil,15403,"R$ 150.000,00",,,"R$ 150.000,00","R$ 0,00","R$ 0,00","R$ 0,00","R$ 0,00","R$ 0,00","R$ 0,00","R$ 0,00","R$ 0,00","R$ 0,00","R$ 0,00","R$ 0,00","R$ 0,00",,,,,,,,,,,,,,,,,,,,,,,,,"R$ 0,00","R$ 0,00","R$ 0,00"
Ensino Fundamental,1.236.100.062.268,MANUTENÇÃO DO TRANSPORTE ESCOLAR,676,Obrigações Patronais,15403,"R$ 10.000,00",,,"R$ 8.758,78","R$ 332,16","R$ 332,16","R$ 0,00","R$ 249,51","R$ 249,51","R$ 332,16","R$ 358,36","R$ 358,36","R$ 358,36","R$ 301,19","R$ 301,19","R$ 0,00",,,,,,,,,,,,,,,,,,,,,,,,,"R$ 1.241,22","R$ 1.241,22","R$ 690,52"
Ensino Fundamental,1.236.100.062.268,MANUTENÇÃO DO TRANSPORTE ESCOLAR,677,Outras Despesas Variáveis - Pessoal Civil,15403,"R$ 25.000,00",,,"R$ 25.000,00","R$ 0,00","R$ 0,00","R$ 0,00","R$ 0,00","R$ 0,00","R$ 0,00","R$ 0,00","R$ 0,00","R$ 0,00","R$ 0,00","R$ 0,00","R$ 0,00",,,,,,,,,,,,,,,,,,,,,,,,,"R$ 0,00","R$ 0,00","R$ 0,00"
Ensino Fundamental,1.236.100.062.268,MANUTENÇÃO DO TRANSPORTE ESCOLAR,678,Indenizações e Restituições Trabalhistas,15403,"R$ 5.000,00",,,"R$ 5.000,00","R$ 0,00","R$ 0,00","R$ 0,00","R$ 0,00","R$ 0,00","R$ 0,00","R$ 0,00","R$ 0,00","R$ 0,00","R$ 0,00","R$ 0,00","R$ 0,00",,,,,,,,,,,,,,,,,,,,,,,,,"R$ 0,00","R$ 0,00","R$ 0,00"
Ensino Fundamental,1.236.100.062.268,MANUTENÇÃO DO TRANSPORTE ESCOLAR,679,Materiais de Consumo,15403,"R$ 5.000,00",,,"R$ 5.000,00","R$ 0,00","R$ 0,00","R$ 0,00","R$ 0,00","R$ 0,00","R$ 0,00","R$ 0,00","R$ 0,00","R$ 0,00","R$ 0,00","R$ 0,00","R$ 0,00",,,,,,,,,,,,,,,,,,,,,,,,,"R$ 0,00","R$ 0,00","R$ 0,00"
Ensino Fundamental,1.236.100.062.268,MANUTENÇÃO DO TRANSPORTE ESCOLAR,680,Serviços de Terceiro PF,15403,"R$ 5.000,00",,"R$ 1.000,00","R$ 4.000,00","R$ 0,00","R$ 0,00","R$ 0,00","R$ 0,00","R$ 0,00","R$ 0,00","R$ 0,00","R$ 0,00","R$ 0,00","R$ 0,00","R$ 0,00","R$ 0,00",,,,,,,,,,,,,,,,,,,,,,,,,"R$ 0,00","R$ 0,00","R$ 0,00"
Ensino Fundamental,1.236.100.062.268,MANUTENÇÃO DO TRANSPORTE ESCOLAR,681,Serviços de Terceiros PJ,15403,"R$ 5.000,00",,,"R$ 5.000,00","R$ 0,00","R$ 0,00","R$ 0,00","R$ 0,00","R$ 0,00","R$ 0,00","R$ 0,00","R$ 0,00","R$ 0,00","R$ 0,00","R$ 0,00","R$ 0,00",,,,,,,,,,,,,,,,,,,,,,,,,"R$ 0,00","R$ 0,00","R$ 0,00"
Ensino Fundamental,1.236.100.062.268,MANUTENÇÃO DO TRANSPORTE ESCOLAR,682,Indenizações e restrições,15403,"R$ 3.000,00",,,"R$ 3.000,00","R$ 0,00","R$ 0,00","R$ 0,00","R$ 0,00","R$ 0,00","R$ 0,00","R$ 0,00","R$ 0,00","R$ 0,00","R$ 0,00","R$ 0,00","R$ 0,00",,,,,,,,,,,,,,,,,,,,,,,,,"R$ 0,00","R$ 0,00","R$ 0,00"
Ensino Fundamental,1.236.100.062.268,MANUTENÇÃO DO TRANSPORTE ESCOLAR,683,Equipamentos e Materiais Permanentes,15403,"R$ 10.000,00",,"R$ 3.008,10","R$ 6.991,90","R$ 0,00","R$ 0,00","R$ 0,00","R$ 0,00","R$ 0,00","R$ 0,00","R$ 0,00","R$ 0,00","R$ 0,00","R$ 0,00","R$ 0,00","R$ 0,00",,,,,,,,,,,,,,,,,,,,,,,,,"R$ 0,00","R$ 0,00","R$ 0,00"
Educação Infantil,1.236.500.072.270,MANUTENÇÃO DAS ATIVIDADES DA EDUCAÇÃO,684,Contratação por tempo Determinado,15407,"R$ 5.000,00",,,"R$ 5.000,00","R$ 0,00","R$ 0,00","R$ 0,00","R$ 0,00","R$ 0,00","R$ 0,00","R$ 0,00","R$ 0,00","R$ 0,00","R$ 0,00","R$ 0,00","R$ 0,00",,,,,,,,,,,,,,,,,,,,,,,,,"R$ 0,00","R$ 0,00","R$ 0,00"
Educação Infantil,1.236.500.072.270,MANUTENÇÃO DAS ATIVIDADES DA EDUCAÇÃO,685,Vencimentos e Vantagens Fixas - Pessoal Civil,15407,"R$ 250.000,00","R$ 27.500,00",,"R$ 90,18","R$ 80.665,36","R$ 80.665,36","R$ 80.665,36","R$ 61.095,98","R$ 61.095,98","R$ 61.095,98","R$ 72.088,45","R$ 72.088,45","R$ 72.088,45","R$ 63.560,03","R$ 63.560,03","R$ 0,00",,,,,,,,,,,,,,,,,,,,,,,,,"R$ 277.409,82","R$ 277.409,82","R$ 213.849,79"
Educação Infantil,1.236.500.072.270,MANUTENÇÃO DAS ATIVIDADES DA EDUCAÇÃO,685,Vencimentos e Vantagens Fixas - Pessoal Civil,1543,"R$ 100.000,00",,,"R$ 100.000,00","R$ 0,00","R$ 0,00","R$ 0,00","R$ 0,00","R$ 0,00","R$ 0,00","R$ 0,00","R$ 0,00","R$ 0,00","R$ 0,00","R$ 0,00","R$ 0,00",,,,,,,,,,,,,,,,,,,,,,,,,"R$ 0,00","R$ 0,00","R$ 0,00"
Educação Infantil,1.236.500.072.270,MANUTENÇÃO DAS ATIVIDADES DA EDUCAÇÃO,686,Obrigações Patronais,15407,"R$ 20.000,00","R$ 32.600,00",,"R$ 8,69","R$ 15.168,25","R$ 15.168,25","R$ 0,00","R$ 11.589,34","R$ 11.589,34","R$ 15.168,25","R$ 13.569,57","R$ 13.569,57","R$ 11.589,34","R$ 12.264,15","R$ 12.264,15","R$ 13.569,57",,,,,,,,,,,,,,,,,,,,,,,,,"R$ 52.591,31","R$ 52.591,31","R$ 40.327,16"
Educação Infantil,1.236.500.072.270,MANUTENÇÃO DAS ATIVIDADES DA EDUCAÇÃO,687,Indenizações e Restituições Trabalhistas,15407,"R$ 3.000,00",,,"R$ 3.000,00","R$ 0,00","R$ 0,00","R$ 0,00","R$ 0,00","R$ 0,00","R$ 0,00","R$ 0,00","R$ 0,00","R$ 0,00","R$ 0,00","R$ 0,00","R$ 0,00",,,,,,,,,,,,,,,,,,,,,,,,,"R$ 0,00","R$ 0,00","R$ 0,00"
Educação Infantil,1.236.500.072.271,MANUTENÇÃO DAS ATIVIDADES DA EDUCAÇÃO,688,Contratação por tempo Determinado,15403,"R$ 5.000,00","R$ 18.600,00",,"R$ 48,08","R$ 6.918,81","R$ 6.918,81","R$ 6.918,81","R$ 6.918,81","R$ 6.918,81","R$ 6.918,81","R$ 5.821,23","R$ 5.821,23","R$ 5.821,23","R$ 3.893,07","R$ 3.893,07","R$ 0,00",,,,,,,,,,,,,,,,,,,,,,,,,"R$ 23.551,92","R$ 23.551,92","R$ 19.658,85"
Educação Infantil,1.236.500.072.271,MANUTENÇÃO DAS ATIVIDADES DA EDUCAÇÃO,689,Vencimentos e Vantagens Fixas - Pessoal Civil,15403,"R$ 250.000,00",,,"R$ 239.757,60","R$ 2.928,76","R$ 2.928,76","R$ 2.928,76","R$ 2.044,90","R$ 2.044,90","R$ 2.044,90","R$ 2.759,29","R$ 2.759,29","R$ 2.759,29","R$ 2.509,45","R$ 2.509,45","R$ 0,00",,,,,,,,,,,,,,,,,,,,,,,,,"R$ 10.242,40","R$ 10.242,40","R$ 7.732,95"
Educação Infantil,1.236.500.072.271,MANUTENÇÃO DAS ATIVIDADES DA EDUCAÇÃO,690,Obrigações Patronais,15403,"R$ 30.000,00",,,"R$ 24.901,74","R$ 1.821,94","R$ 1.821,94","R$ 0,00","R$ 1.673,94","R$ 1.673,94","R$ 1.821,94","R$ 1.602,38","R$ 1.602,38","R$ 1.673,94","R$ 0,00","R$ 0,00","R$ 0,00",,,,,,,,,,,,,,,,,,,,,,,,,"R$ 5.098,26","R$ 5.098,26","R$ 3.495,88"
Educação Infantil,1.236.500.072.271,MANUTENÇÃO DAS ATIVIDADES DA EDUCAÇÃO,691,Indenizações e Restituições Trabalhistas,15403,"R$ 3.000,00",,,"R$ 3.000,00","R$ 0,00","R$ 0,00","R$ 0,00","R$ 0,00","R$ 0,00","R$ 0,00","R$ 0,00","R$ 0,00","R$ 0,00","R$ 0,00","R$ 0,00","R$ 0,00",,,,,,,,,,,,,,,,,,,,,,,,,"R$ 0,00","R$ 0,00","R$ 0,00"
Educação Infantil,1.236.500.072.271,MANUTENÇÃO DAS ATIVIDADES DA EDUCAÇÃO,692,Materiais de Consumo,15403,"R$ 5.000,00","R$ 44.122,50",,"R$ 5.000,00","R$ 44.122,50","R$ 0,00","R$ 0,00","R$ 0,00","R$ 0,00","R$ 0,00","R$ 0,00","R$ 0,00","R$ 0,00","R$ 0,00","R$ 0,00","R$ 0,00",,,,,,,,,,,,,,,,,,,,,,,,,"R$ 44.122,50","R$ 0,00","R$ 0,00"
Educação Infantil,1.236.500.072.271,MANUTENÇÃO DAS ATIVIDADES DA EDUCAÇÃO,693,Serviços de Terceiro PF,15403,"R$ 5.000,00",,,"R$ 5.000,00","R$ 0,00","R$ 0,00","R$ 0,00","R$ 0,00","R$ 0,00","R$ 0,00","R$ 0,00","R$ 0,00","R$ 0,00","R$ 0,00","R$ 0,00","R$ 0,00",,,,,,,,,,,,,,,,,,,,,,,,,"R$ 0,00","R$ 0,00","R$ 0,00"
Educação Infantil,1.236.500.072.271,MANUTENÇÃO DAS ATIVIDADES DA EDUCAÇÃO,694,Serviços de Terceiros PJ,15403,"R$ 10.000,00",,,"R$ 10.000,00","R$ 0,00","R$ 0,00","R$ 0,00","R$ 0,00","R$ 0,00","R$ 0,00","R$ 0,00","R$ 0,00","R$ 0,00","R$ 0,00","R$ 0,00","R$ 0,00",,,,,,,,,,,,,,,,,,,,,,,,,"R$ 0,00","R$ 0,00","R$ 0,00"
Educação Infantil,1.236.500.072.271,MANUTENÇÃO DAS ATIVIDADES DA EDUCAÇÃO,695,Equipamentos e Materiais Permanentes,15403,"R$ 15.000,00",,"R$ 6.000,00","R$ 9.000,00","R$ 0,00","R$ 0,00","R$ 0,00","R$ 0,00","R$ 0,00","R$ 0,00","R$ 0,00","R$ 0,00","R$ 0,00","R$ 0,00","R$ 0,00","R$ 0,00",,,,,,,,,,,,,,,,,,,,,,,,,"R$ 0,00","R$ 0,00","R$ 0,00"
Educação Infantil,1.236.500.072.272,MANUTENÇÃO DAS ATIVIDADES DA EDUCAÇÃO,696,Contratação por tempo Determinado,15407,"R$ 10.000,00","R$ 89.300,00",,"R$ 17,67","R$ 25.299,22","R$ 25.299,22","R$ 25.299,22","R$ 20.646,41","R$ 20.646,41","R$ 20.646,41","R$ 34.904,37","R$ 34.904,37","R$ 34.904,37","R$ 18.432,33","R$ 18.432,33","R$ 0,00",,,,,,,,,,,,,,,,,,,,,,,,,"R$ 99.282,33","R$ 99.282,33","R$ 80.850,00"
Educação Infantil,1.236.500.072.272,MANUTENÇÃO DAS ATIVIDADES DA EDUCAÇÃO,697,Vencimentos e Vantagens Fixas - Pessoal Civil,15407,"R$ 850.000,00",,"R$ 27.500,00","R$ 585.739,69","R$ 133.994,22","R$ 133.994,22","R$ 133.994,22","R$ 102.766,09","R$ 102.766,09","R$ 102.766,09","R$ 0,00","R$ 0,00","R$ 0,00","R$ 0,00","R$ 0,00","R$ 0,00",,,,,,,,,,,,,,,,,,,,,,,,,"R$ 236.760,31","R$ 236.760,31","R$ 236.760,31"
Educação Infantil,1.236.500.072.272,MANUTENÇÃO DAS ATIVIDADES DA EDUCAÇÃO,697,,154072,"R$ 0,00",,,"-R$ 45.681,08","R$ 0,00","R$ 0,00","R$ 0,00","R$ 0,00","R$ 0,00","R$ 0,00","R$ 0,00","R$ 0,00","R$ 0,00","R$ 45.681,08","R$ 45.681,08","R$ 0,00",,,,,,,,,,,,,,,,,,,,,,,,,"R$ 45.681,08","R$ 45.681,08","R$ 0,00"
Educação Infantil,1.236.500.072.272,MANUTENÇÃO DAS ATIVIDADES DA EDUCAÇÃO,697,Vencimentos e Vantagens Fixas - Pessoal Civil,1543,"R$ 100.000,00",,,"R$ 100.000,00","R$ 0,00","R$ 0,00","R$ 0,00","R$ 0,00","R$ 0,00","R$ 0,00","R$ 0,00","R$ 0,00","R$ 0,00","R$ 0,00","R$ 0,00","R$ 0,00",,,,,,,,,,,,,,,,,,,,,,,,,"R$ 0,00","R$ 0,00","R$ 0,00"
Educação Infantil,1.236.500.072.272,MANUTENÇÃO DAS ATIVIDADES DA EDUCAÇÃO,698,Obrigações Patronais,15407,"R$ 10.000,00","R$ 69.800,00",,"R$ 15.386,19","R$ 30.390,33","R$ 30.390,33","R$ 0,00","R$ 23.989,34","R$ 23.989,34","R$ 30.390,33","R$ 6.518,25","R$ 6.518,25","R$ 23.265,38","R$ 3.515,89","R$ 3.515,89","R$ 6.518,25",,,,,,,,,,,,,,,,,,,,,,,,,"R$ 64.413,81","R$ 64.413,81","R$ 60.173,96"
Educação Infantil,1.236.500.072.272,MANUTENÇÃO DAS ATIVIDADES DA EDUCAÇÃO,698,,154072,"R$ 0,00",,,"-R$ 8.809,24","R$ 0,00","R$ 0,00","R$ 0,00","R$ 0,00","R$ 0,00","R$ 0,00","R$ 0,00","R$ 0,00","R$ 0,00","R$ 8.809,24","R$ 8.809,24","R$ 0,00",,,,,,,,,,,,,,,,,,,,,,,,,"R$ 8.809,24","R$ 8.809,24","R$ 0,00"
Educação Infantil,1.236.500.072.272,MANUTENÇÃO DAS ATIVIDADES DA EDUCAÇÃO,699,Outras Despesas Variáveis - Pessoal Civil,15407,"R$ 5.000,00",,,"R$ 3.829,46","R$ 0,00","R$ 0,00","R$ 0,00","R$ 1.170,54","R$ 1.170,54","R$ 1.170,54","R$ 0,00","R$ 0,00","R$ 0,00","R$ 0,00","R$ 0,00","R$ 0,00",,,,,,,,,,,,,,,,,,,,,,,,,"R$ 1.170,54","R$ 1.170,54","R$ 1.170,54"
Educação Infantil,1.236.500.072.272,MANUTENÇÃO DAS ATIVIDADES DA EDUCAÇÃO,699,,154072,"R$ 0,00",,,"-R$ 501,99","R$ 0,00","R$ 0,00","R$ 0,00","R$ 0,00","R$ 0,00","R$ 0,00","R$ 0,00","R$ 0,00","R$ 0,00","R$ 501,99","R$ 501,99","R$ 0,00",,,,,,,,,,,,,,,,,,,,,,,,,"R$ 501,99","R$ 501,99","R$ 0,00"
Educação Infantil,1.236.500.072.272,MANUTENÇÃO DAS ATIVIDADES DA EDUCAÇÃO,700,Indenizações e Restituições Trabalhistas,15407,"R$ 10.000,00",,,"R$ 10.000,00","R$ 0,00","R$ 0,00","R$ 0,00","R$ 0,00","R$ 0,00","R$ 0,00","R$ 0,00","R$ 0,00","R$ 0,00","R$ 0,00","R$ 0,00","R$ 0,00",,,,,,,,,,,,,,,,,,,,,,,,,"R$ 0,00","R$ 0,00","R$ 0,00"
Educação Infantil,1.236.500.072.273,MANUTENÇÃO DAS ATIVIDADES DA EDUCAÇÃO,701,Contratação por tempo Determinado,15403,"R$ 5.000,00",,,"R$ 5.000,00","R$ 0,00","R$ 0,00","R$ 0,00","R$ 0,00","R$ 0,00","R$ 0,00","R$ 0,00","R$ 0,00","R$ 0,00","R$ 0,00","R$ 0,00","R$ 0,00",,,,,,,,,,,,,,,,,,,,,,,,,"R$ 0,00","R$ 0,00","R$ 0,00"
Educação Infantil,1.236.500.072.273,MANUTENÇÃO DAS ATIVIDADES DA EDUCAÇÃO,702,Vencimentos e Vantagens Fixas - Pessoal Civil,15403,"R$ 100.000,00",,,"R$ 100.000,00","R$ 0,00","R$ 0,00","R$ 0,00","R$ 0,00","R$ 0,00","R$ 0,00","R$ 0,00","R$ 0,00","R$ 0,00","R$ 0,00","R$ 0,00","R$ 0,00",,,,,,,,,,,,,,,,,,,,,,,,,"R$ 0,00","R$ 0,00","R$ 0,00"
Educação Infantil,1.236.500.072.273,MANUTENÇÃO DAS ATIVIDADES DA EDUCAÇÃO,703,Obras e Instalações,15403,"R$ 20.000,00",,,"R$ 20.000,00","R$ 0,00","R$ 0,00","R$ 0,00","R$ 0,00","R$ 0,00","R$ 0,00","R$ 0,00","R$ 0,00","R$ 0,00","R$ 0,00","R$ 0,00","R$ 0,00",,,,,,,,,,,,,,,,,,,,,,,,,"R$ 0,00","R$ 0,00","R$ 0,00"
Educação Infantil,1.236.500.072.273,MANUTENÇÃO DAS ATIVIDADES DA EDUCAÇÃO,704,Indenizações e Restituições Trabalhistas,15403,"R$ 3.000,00",,,"R$ 3.000,00","R$ 0,00","R$ 0,00","R$ 0,00","R$ 0,00","R$ 0,00","R$ 0,00","R$ 0,00","R$ 0,00","R$ 0,00","R$ 0,00","R$ 0,00","R$ 0,00",,,,,,,,,,,,,,,,,,,,,,,,,"R$ 0,00","R$ 0,00","R$ 0,00"
Educação Infantil,1.236.500.072.273,MANUTENÇÃO DAS ATIVIDADES DA EDUCAÇÃO,705,Materiais de Consumo,15403,"R$ 5.000,00","R$ 28.075,00",,"R$ 0,00","R$ 33.075,00","R$ 0,00","R$ 0,00","R$ 0,00","R$ 0,00","R$ 0,00","R$ 0,00","R$ 0,00","R$ 0,00","R$ 0,00","R$ 0,00","R$ 0,00",,,,,,,,,,,,,,,,,,,,,,,,,"R$ 33.075,00","R$ 0,00","R$ 0,00"
Educação Infantil,1.236.500.072.273,MANUTENÇÃO DAS ATIVIDADES DA EDUCAÇÃO,706,Serviços de Terceiro PF,15403,"R$ 5.000,00",,,"R$ 5.000,00","R$ 0,00","R$ 0,00","R$ 0,00","R$ 0,00","R$ 0,00","R$ 0,00","R$ 0,00","R$ 0,00","R$ 0,00","R$ 0,00","R$ 0,00","R$ 0,00",,,,,,,,,,,,,,,,,,,,,,,,,"R$ 0,00","R$ 0,00","R$ 0,00"
Educação Infantil,1.236.500.072.273,MANUTENÇÃO DAS ATIVIDADES DA EDUCAÇÃO,707,Serviços de Terceiros PJ,15403,"R$ 5.000,00",,,"R$ 5.000,00","R$ 0,00","R$ 0,00","R$ 0,00","R$ 0,00","R$ 0,00","R$ 0,00","R$ 0,00","R$ 0,00","R$ 0,00","R$ 0,00","R$ 0,00","R$ 0,00",,,,,,,,,,,,,,,,,,,,,,,,,"R$ 0,00","R$ 0,00","R$ 0,00"
Educação Infantil,1.236.500.072.273,MANUTENÇÃO DAS ATIVIDADES DA EDUCAÇÃO,708,Auxílio-alimentação,15403,"R$ 200.000,00",,"R$ 14.872,91","R$ 185.127,09","R$ 0,00","R$ 0,00","R$ 0,00","R$ 0,00","R$ 0,00","R$ 0,00","R$ 0,00","R$ 0,00","R$ 0,00","R$ 0,00","R$ 0,00","R$ 0,00",,,,,,,,,,,,,,,,,,,,,,,,,"R$ 0,00","R$ 0,00","R$ 0,00"
Educação Infantil,1.236.500.072.273,MANUTENÇÃO DAS ATIVIDADES DA EDUCAÇÃO,709,Indenizações e restrições,15403,"R$ 10.000,00",,,"R$ 10.000,00","R$ 0,00","R$ 0,00","R$ 0,00","R$ 0,00","R$ 0,00","R$ 0,00","R$ 0,00","R$ 0,00","R$ 0,00","R$ 0,00","R$ 0,00","R$ 0,00",,,,,,,,,,,,,,,,,,,,,,,,,"R$ 0,00","R$ 0,00","R$ 0,00"
Educação Infantil,1.236.500.072.273,MANUTENÇÃO DAS ATIVIDADES DA EDUCAÇÃO,710,Equipamentos e Materiais Permanentes,15403,"R$ 50.000,00",,"R$ 42.098,89","R$ 7.901,11","R$ 0,00","R$ 0,00","R$ 0,00","R$ 0,00","R$ 0,00","R$ 0,00","R$ 0,00","R$ 0,00","R$ 0,00","R$ 0,00","R$ 0,00","R$ 0,00",,,,,,,,,,,,,,,,,,,,,,,,,"R$ 0,00","R$ 0,00","R$ 0,00"
Secretaria,1.212.200.032.080,MANUT.ATIV. DEPARTAMENTO DE EDUCAÇÃO,711,Materiais de Consumo,1550,"R$ 50.000,00",,,"R$ 50.000,00","R$ 0,00","R$ 0,00","R$ 0,00","R$ 0,00","R$ 0,00","R$ 0,00","R$ 0,00","R$ 0,00","R$ 0,00","R$ 0,00","R$ 0,00","R$ 0,00",,,,,,,,,,,,,,,,,,,,,,,,,"R$ 0,00","R$ 0,00","R$ 0,00"
Secretaria,1.212.200.032.080,MANUT.ATIV. DEPARTAMENTO DE EDUCAÇÃO,712,"Material, Bem ou Serviço p/Dist.Gratuita",1550,"R$ 5.000,00",,,"R$ 5.000,00","R$ 0,00","R$ 0,00","R$ 0,00","R$ 0,00","R$ 0,00","R$ 0,00","R$ 0,00","R$ 0,00","R$ 0,00","R$ 0,00","R$ 0,00","R$ 0,00",,,,,,,,,,,,,,,,,,,,,,,,,"R$ 0,00","R$ 0,00","R$ 0,00"
Secretaria,1.212.200.032.080,MANUT.ATIV. DEPARTAMENTO DE EDUCAÇÃO,713,Serviços de Terceiros PJ,1550,"R$ 30.000,00",,,"R$ 23.000,00","R$ 7.000,00","R$ 0,00","R$ 0,00","R$ 0,00","R$ 0,00","R$ 0,00","R$ 0,00","R$ 0,00","R$ 0,00","R$ 0,00","R$ 0,00","R$ 0,00",,,,,,,,,,,,,,,,,,,,,,,,,"R$ 7.000,00","R$ 0,00","R$ 0,00"
Ensino Geral,1.230.600.052.065,MANUTENÇÃO DA MERENDA ESCOLAR,714,Materiais de Consumo,1500,"R$ 400.000,00",,,"R$ 328.392,53","R$ 2.608,89","R$ 121,00","R$ 0,00","R$ 37.042,53","R$ 2.369,09","R$ 865,68","R$ 31.956,05","R$ 50.459,64","R$ 22.933,02","R$ 0,00","R$ 18.741,94","R$ 47.771,97",,,,,,,,,,,,,,,,,,,,,,,,,"R$ 71.607,47","R$ 71.691,67","R$ 71.570,67"
Ensino Geral,1.230.600.052.065,MANUTENÇÃO DA MERENDA ESCOLAR,714,Materiais de Consumo,15001,"R$ 0,00",,,"-R$ 88,28","R$ 88,28","R$ 0,00","R$ 0,00","R$ 0,00","R$ 0,00","R$ 0,00","R$ 0,00","R$ 0,00","R$ 0,00","R$ 0,00","R$ 0,00","R$ 0,00",,,,,,,,,,,,,,,,,,,,,,,,,"R$ 88,28","R$ 0,00","R$ 0,00"
Ensino Geral,1.230.600.052.065,MANUTENÇÃO DA MERENDA ESCOLAR,714,Materiais de Consumo,1550,"R$ 100.000,00",,,"R$ 46.244,18","R$ 45.457,85","R$ 10.037,46","R$ 0,00","R$ 0,00","R$ 23.442,55","R$ 14.191,94","R$ 0,00","R$ 11.977,84","R$ 30.842,41","R$ 8.297,97","R$ 0,00","R$ 0,00",,,,,,,,,,,,,,,,,,,,,,,,,"R$ 53.755,82","R$ 45.457,85","R$ 45.034,35"
Ensino Geral,1.230.600.052.065,MANUTENÇÃO DA MERENDA ESCOLAR,714,Materiais de Consumo,1552,"R$ 110.000,00",,,"R$ 485,92","R$ 0,00","R$ 0,00","R$ 0,00","R$ 6.985,88","R$ 0,00","R$ 0,00","R$ 57.232,35","R$ 17.051,44","R$ 6.985,88","R$ 45.295,85","R$ 57.898,55","R$ 30.263,47",,,,,,,,,,,,,,,,,,,,,,,,,"R$ 109.514,08","R$ 74.949,99","R$ 37.249,35"
Ensino Geral,1.230.600.052.065,MANUTENÇÃO DA MERENDA ESCOLAR,714,,2552,"R$ 0,00","R$ 1.139,31",,"R$ 1.139,31","R$ 0,00","R$ 0,00","R$ 0,00","R$ 0,00","R$ 0,00","R$ 0,00","R$ 0,00","R$ 0,00","R$ 0,00","R$ 0,00","R$ 0,00","R$ 0,00",,,,,,,,,,,,,,,,,,,,,,,,,"R$ 0,00","R$ 0,00","R$ 0,00"
Ensino Geral,1.236.100.061.011,CONSTRUÇÃO AMPL.REF.ESCOLAS MUNICIPAIS,715,Obras e Instalações,1550,"R$ 50.000,00",,,"R$ 50.000,00","R$ 0,00","R$ 0,00","R$ 0,00","R$ 0,00","R$ 0,00","R$ 0,00","R$ 0,00","R$ 0,00","R$ 0,00","R$ 0,00","R$ 0,00","R$ 0,00",,,,,,,,,,,,,,,,,,,,,,,,,"R$ 0,00","R$ 0,00","R$ 0,00"
Ensino Geral,1.236.100.061.011,CONSTRUÇÃO AMPL.REF.ESCOLAS MUNICIPAIS,715,Obras e Instalações,1709,"R$ 100.000,00",,"R$ 90.854,74","R$ 9.145,26","R$ 0,00","R$ 0,00","R$ 0,00","R$ 0,00","R$ 0,00","R$ 0,00","R$ 0,00","R$ 0,00","R$ 0,00","R$ 0,00","R$ 0,00","R$ 0,00",,,,,,,,,,,,,,,,,,,,,,,,,"R$ 0,00","R$ 0,00","R$ 0,00"
Ensino Fundamental,1.236.100.062.066,MANUTENÇÃO DAS ATIVIDADES DA EDUCAÇÃO,716,Materiais de Consumo,1550,"R$ 200.000,00",,"R$ 35.008,12","R$ 69.933,48","R$ 95.058,40","R$ 0,00","R$ 0,00","R$ 0,00","R$ 0,00","R$ 0,00","R$ 0,00","R$ 0,00","R$ 0,00","R$ 0,00","R$ 0,00","R$ 0,00",,,,,,,,,,,,,,,,,,,,,,,,,"R$ 95.058,40","R$ 0,00","R$ 0,00"
Ensino Fundamental,1.236.100.062.066,MANUTENÇÃO DAS ATIVIDADES DA EDUCAÇÃO,717,Serviços de Terceiros PJ,1708,"R$ 10.000,00",,"R$ 9.007,54","R$ 992,46","R$ 0,00","R$ 0,00","R$ 0,00","R$ 0,00","R$ 0,00","R$ 0,00","R$ 0,00","R$ 0,00","R$ 0,00","R$ 0,00","R$ 0,00","R$ 0,00",,,,,,,,,,,,,,,,,,,,,,,,,"R$ 0,00","R$ 0,00","R$ 0,00"
Ensino Fundamental,1.236.100.062.066,MANUTENÇÃO DAS ATIVIDADES DA EDUCAÇÃO,718,Outros Auxílios  financeiros PF,1500,"R$ 5.000,00",,,"R$ 2.084,00","R$ 2.916,00","R$ 0,00","R$ 0,00","R$ 0,00","R$ 486,00","R$ 486,00","R$ 0,00","R$ 729,00","R$ 729,00","R$ 0,00","R$ 0,00","R$ 0,00",,,,,,,,,,,,,,,,,,,,,,,,,"R$ 2.916,00","R$ 1.215,00","R$ 1.215,00"
Ensino Fundamental,1.236.100.062.066,MANUTENÇÃO DAS ATIVIDADES DA EDUCAÇÃO,719,Equipamentos e Materiais Permanentes,1550,"R$ 50.000,00",,"R$ 10.012,76","R$ 39.987,24","R$ 0,00","R$ 0,00","R$ 0,00","R$ 0,00","R$ 0,00","R$ 0,00","R$ 0,00","R$ 0,00","R$ 0,00","R$ 0,00","R$ 0,00","R$ 0,00",,,,,,,,,,,,,,,,,,,,,,,,,"R$ 0,00","R$ 0,00","R$ 0,00"
Ensino Geral,1.236.100.062.067,MANUTENÇÃO DO TRANSPORTE ESCOLAR,720,,1500,"R$ 33.169,82",,,"R$ 31.569,82","R$ 0,00","R$ 0,00","R$ 0,00","R$ 0,00","R$ 0,00","R$ 0,00","R$ 1.600,00","R$ 1.600,00","R$ 1.600,00","R$ 0,00","R$ 0,00","R$ 0,00",,,,,,,,,,,,,,,,,,,,,,,,,"R$ 1.600,00","R$ 1.600,00","R$ 1.600,00"
Ensino Geral,1.236.100.062.067,MANUTENÇÃO DO TRANSPORTE ESCOLAR,720,,15001,"R$ 0,00",,,"-R$ 31.569,82","R$ 0,00","R$ 0,00","R$ 0,00","R$ 0,00","R$ 0,00","R$ 0,00","R$ 31.569,82","R$ 3.876,57","R$ 1.600,00","R$ 0,00","R$ 2.787,97","R$ 4.919,74",,,,,,,,,,,,,,,,,,,,,,,,,"R$ 31.569,82","R$ 6.664,54","R$ 6.519,74"
Ensino Geral,1.236.100.062.067,MANUTENÇÃO DO TRANSPORTE ESCOLAR,720,Materiais de Consumo,1550,"R$ 50.000,00","R$ 45.020,88",,"R$ 8.780,18","R$ 85.014,68","R$ 0,00","R$ 0,00","-R$ 20.538,02","R$ 13.928,33","R$ 5.382,52","R$ 0,00","R$ 12.888,02","R$ 16.377,25","R$ 21.764,04","R$ 6.152,82","R$ 0,00",,,,,,,,,,,,,,,,,,,,,,,,,"R$ 86.240,70","R$ 32.969,17","R$ 21.759,77"
Ensino Geral,1.236.100.062.067,MANUTENÇÃO DO TRANSPORTE ESCOLAR,720,Materiais de Consumo,1553,"R$ 15.000,00","R$ 40.112,72",,"R$ 0,00","R$ 5.278,00","R$ 0,00","R$ 0,00","R$ 0,00","R$ 2.640,75","R$ 0,00","R$ 49.834,72","R$ 10.766,80","R$ 5.278,00","R$ 0,00","R$ 24.202,84","R$ 23.444,60",,,,,,,,,,,,,,,,,,,,,,,,,"R$ 55.112,72","R$ 37.610,39","R$ 28.722,60"
Ensino Geral,1.236.100.062.067,MANUTENÇÃO DO TRANSPORTE ESCOLAR,720,Materiais de Consumo,1576,"R$ 30.000,00","R$ 86.338,14",,"R$ 3.589,84","R$ 79.911,94","R$ 0,00","R$ 0,00","R$ 2.886,88","R$ 0,00","R$ 0,00","R$ 29.949,48","R$ 94.909,85","R$ 39.625,89","R$ 0,00","R$ 0,00","R$ 55.283,96",,,,,,,,,,,,,,,,,,,,,,,,,"R$ 112.748,30","R$ 94.909,85","R$ 94.909,85"
Ensino Geral,1.236.100.062.067,MANUTENÇÃO DO TRANSPORTE ESCOLAR,720,Materiais de Consumo,1576,"R$ 0,00",,,"-R$ 3.589,84","R$ 3.589,84","R$ 0,00","R$ 0,00","R$ 0,00","R$ 3.589,84","R$ 3.589,84","R$ 0,00","R$ 0,00","R$ 0,00","R$ 0,00","R$ 0,00","R$ 0,00",,,,,,,,,,,,,,,,,,,,,,,,,"R$ 3.589,84","R$ 3.589,84","R$ 3.589,84"
Ensino Geral,1.236.100.062.067,MANUTENÇÃO DO TRANSPORTE ESCOLAR,721,,15001,"R$ 0,00","R$ 12.485,00",,"R$ 0,00","R$ 0,00","R$ 0,00","R$ 0,00","R$ 0,00","R$ 0,00","R$ 0,00","R$ 12.485,00","R$ 11.705,00","R$ 10.200,00","R$ 0,00","R$ 780,00","R$ 1.505,00",,,,,,,,,,,,,,,,,,,,,,,,,"R$ 12.485,00","R$ 12.485,00","R$ 11.705,00"
Ensino Geral,1.236.100.062.067,MANUTENÇÃO DO TRANSPORTE ESCOLAR,721,Serviços de Terceiros PJ,1550,"R$ 10.000,00",,,"R$ 10.000,00","R$ 0,00","R$ 0,00","R$ 0,00","R$ 0,00","R$ 0,00","R$ 0,00","R$ 0,00","R$ 0,00","R$ 0,00","R$ 0,00","R$ 0,00","R$ 0,00",,,,,,,,,,,,,,,,,,,,,,,,,"R$ 0,00","R$ 0,00","R$ 0,00"
Ensino Geral,1.236.100.062.067,MANUTENÇÃO DO TRANSPORTE ESCOLAR,721,Serviços de Terceiros PJ,1553,"R$ 50.000,00",,"R$ 40.112,72","R$ 1.087,28","R$ 800,00","R$ 0,00","R$ 0,00","R$ 8.000,00","R$ 800,00","R$ 0,00","R$ 0,00","R$ 8.000,00","R$ 8.800,00","R$ 0,00","R$ 0,00","R$ 0,00",,,,,,,,,,,,,,,,,,,,,,,,,"R$ 8.800,00","R$ 8.800,00","R$ 8.800,00"
Ensino Geral,1.236.100.062.067,MANUTENÇÃO DO TRANSPORTE ESCOLAR,721,Serviços de Terceiros PJ,1576,"R$ 100.000,00",,"R$ 86.338,14","R$ 5,86","R$ 14.406,00","R$ 3.406,00","R$ 0,00","-R$ 750,00","R$ 0,00","R$ 3.406,00","R$ 0,00","R$ 0,00","R$ 0,00","R$ 0,00","R$ 0,00","R$ 0,00",,,,,,,,,,,,,,,,,,,,,,,,,"R$ 13.656,00","R$ 3.406,00","R$ 3.406,00"
Ensino Medio,1.236.200.112.085,MANUTENÇÃO DAS ATIVIDADES DA EDUCAÇÃO,722,Materiais de Consumo,1500,"R$ 20.000,00",,,"R$ 20.000,00","R$ 0,00","R$ 0,00","R$ 0,00","R$ 0,00","R$ 0,00","R$ 0,00","R$ 0,00","R$ 0,00","R$ 0,00","R$ 0,00","R$ 0,00","R$ 0,00",,,,,,,,,,,,,,,,,,,,,,,,,"R$ 0,00","R$ 0,00","R$ 0,00"
Ensino Medio,1.236.200.112.085,MANUTENÇÃO DAS ATIVIDADES DA EDUCAÇÃO,723,Outras Desp. Pes. Dec.Cont.Terceirização,1500,"R$ 50.000,00",,,"R$ 50.000,00","R$ 0,00","R$ 0,00","R$ 0,00","R$ 0,00","R$ 0,00","R$ 0,00","R$ 0,00","R$ 0,00","R$ 0,00","R$ 0,00","R$ 0,00","R$ 0,00",,,,,,,,,,,,,,,,,,,,,,,,,"R$ 0,00","R$ 0,00","R$ 0,00"
Ensino Medio,1.236.200.112.085,MANUTENÇÃO DAS ATIVIDADES DA EDUCAÇÃO,724,Serviços de Terceiro PF,1500,"R$ 10.000,00",,,"R$ 10.000,00","R$ 0,00","R$ 0,00","R$ 0,00","R$ 0,00","R$ 0,00","R$ 0,00","R$ 0,00","R$ 0,00","R$ 0,00","R$ 0,00","R$ 0,00","R$ 0,00",,,,,,,,,,,,,,,,,,,,,,,,,"R$ 0,00","R$ 0,00","R$ 0,00"
Ensino Medio,1.236.200.112.085,MANUTENÇÃO DAS ATIVIDADES DA EDUCAÇÃO,725,Serviços de Terceiros PJ,1500,"R$ 10.000,00",,,"R$ 10.000,00","R$ 0,00","R$ 0,00","R$ 0,00","R$ 0,00","R$ 0,00","R$ 0,00","R$ 0,00","R$ 0,00","R$ 0,00","R$ 0,00","R$ 0,00","R$ 0,00",,,,,,,,,,,,,,,,,,,,,,,,,"R$ 0,00","R$ 0,00","R$ 0,00"
Ensino Superior,1.236.400.112.083,MANUTENÇÃO DAS ATIVIDADES DA EDUCAÇÃO,726,Auxílio Financeiro a Estudantes,1500,"R$ 420.000,00",,,"R$ 2,53","R$ 12.333,37","R$ 1.943,17","R$ 1.943,17","R$ 0,00","R$ 2.405,37","R$ 2.405,37","R$ 402.405,10","R$ 88.476,88","R$ 2.077,90","R$ 5.259,00","R$ 36.904,16","R$ 87.032,64",,,,,,,,,,,,,,,,,,,,,,,,,"R$ 419.997,47","R$ 129.729,58","R$ 93.459,08"
Ensino Superior,1.236.400.112.083,MANUTENÇÃO DAS ATIVIDADES DA EDUCAÇÃO,727,Materiais de Consumo,1500,"R$ 5.000,00",,,"R$ 5.000,00","R$ 0,00","R$ 0,00","R$ 0,00","R$ 0,00","R$ 0,00","R$ 0,00","R$ 0,00","R$ 0,00","R$ 0,00","R$ 0,00","R$ 0,00","R$ 0,00",,,,,,,,,,,,,,,,,,,,,,,,,"R$ 0,00","R$ 0,00","R$ 0,00"
Ensino Superior,1.236.400.112.083,MANUTENÇÃO DAS ATIVIDADES DA EDUCAÇÃO,728,Outros Auxílios  financeiros PF,1500,"R$ 150.000,00",,,"R$ 46.500,00","R$ 18.900,00","R$ 0,00","R$ 0,00","R$ 19.800,00","R$ 1.350,00","R$ 1.350,00","R$ 60.300,00","R$ 23.400,00","R$ 11.700,00","R$ 4.500,00","R$ 11.700,00","R$ 12.150,00",,,,,,,,,,,,,,,,,,,,,,,,,"R$ 103.500,00","R$ 36.450,00","R$ 25.200,00"
Ensino Superior,1.236.400.112.083,MANUTENÇÃO DAS ATIVIDADES DA EDUCAÇÃO,729,Materiais de Consumo,1550,"R$ 150.000,00",,,"R$ 90.962,08","R$ 59.037,92","R$ 0,00","R$ 0,00","R$ 0,00","R$ 0,00","R$ 0,00","R$ 0,00","R$ 0,00","R$ 0,00","R$ 0,00","R$ 0,00","R$ 0,00",,,,,,,,,,,,,,,,,,,,,,,,,"R$ 59.037,92","R$ 0,00","R$ 0,00"
Educação Infantil,1.236.500.072.069,MANUTENÇÃO DAS ATIVIDADES DA EDUCAÇÃO,729,Materiais de Consumo,1569,"R$ 45.000,00",,,"R$ 45.000,00","R$ 0,00","R$ 0,00","R$ 0,00","R$ 0,00","R$ 0,00","R$ 0,00","R$ 0,00","R$ 0,00","R$ 0,00","R$ 0,00","R$ 0,00","R$ 0,00",,,,,,,,,,,,,,,,,,,,,,,,,"R$ 0,00","R$ 0,00","R$ 0,00"
Educação Infantil,1.236.500.072.069,MANUTENÇÃO DAS ATIVIDADES DA EDUCAÇÃO,730,Serviços de Terceiros PJ,1550,"R$ 5.000,00",,,"R$ 5.000,00","R$ 0,00","R$ 0,00","R$ 0,00","R$ 0,00","R$ 0,00","R$ 0,00","R$ 0,00","R$ 0,00","R$ 0,00","R$ 0,00","R$ 0,00","R$ 0,00",,,,,,,,,,,,,,,,,,,,,,,,,"R$ 0,00","R$ 0,00","R$ 0,00"
,,,,,,,,,"R$ 0,00",,,,,,,,,,,,,,,,,,,,,,,,,,,,,,,,,,,,,0,0,0
,,,,,,,,,"R$ 0,00",,,,,,,,,,,,,,,,,,,,,,,,,,,,,,,,,,,,,,,
,,,,,,,,,"R$ 0,00",,,,,,,,,,,,,,,,,,,,,,,,,,,,,,,,,,,,,,,
,,,,,,,,,"R$ 0,00",,,,,,,,,,,,,,,,,,,,,,,,,,,,,,,,,,,,,,,