,,,,,,,,,,Empenhado,Liquidado,Pago,Empenhado,Liquidado,Pago,Empenhado,Liquidado,Pago,Empenhado,Liquidado,Pago,Empenhado,Liquidado,Pago,Empenhado,Liquidado,Pago,Empenhado,Liquidado,Pago,Empenhado,Liquidado,Pago,Empenhado,Liquidado,Pago,Empenhado,Liquidado,Pago,Empenhado,Liquidado,Pago,Empenhado,Liquidado,Pago,Empenhado,Liquidado,Pago
Categoria ,Código AT,Atividade ,Ficha,Elemento,Fonte,Orçado,Creditado,Anulado,Saldo,Janeiro,Janeiro,Janeiro,Fevereiro,Fevereiro,Fevereiro,Março,Março,Março,Abril ,Abril ,Abril ,Maio,Maio,Maio,Junho,Junho,Junho,Julho,Julho,Julho,Agosto,Agosto,Agosto,Setembro,Setembro,Setembro,Outubro,Outubro,Outubro,Novembro,Novembro,Novembro,Dezembro,Dezembro,Dezembro,Total,Toral,Toral
Secretaria,100, CONTRIBUIÇÃO  À UNDIME ,191,Contribuições,15001,"R$ 2.000,00",,,"R$ 162,00","R$ 0,00","R$ 0,00","R$ 0,00","R$ 1.838,00","R$ 0,00","R$ 0,00",,,,,,,,,,,,,,,,,,,,,,,,,,,,,,,"R$ 1.838,00","R$ 0,00","R$ 0,00"
Secretaria,2.269,MANUTENÇÃO DAS ATIVIDADES ADMINISTRATIVAS DA EDUCAÇÃO,196,Indenizações e Restituições Trabalhistas,1500,"R$ 0,00","R$ 10.355,80",,"R$ 0,00","R$ 0,00","R$ 0,00","R$ 0,00","R$ 10.355,80","R$ 10.355,80","R$ 10.355,80",,,,,,,,,,,,,,,,,,,,,,,,,,,,,,,"R$ 10.355,80","R$ 10.355,80","R$ 10.355,80"
Secretaria,2.269,MANUTENÇÃO DAS ATIVIDADES ADMINISTRATIVAS DA EDUCAÇÃO,198,Materiais de Consumo,1500,"R$ 1.000,00",,,"R$ 1.000,00","R$ 0,00","R$ 0,00","R$ 0,00","R$ 0,00","R$ 0,00","R$ 0,00",,,,,,,,,,,,,,,,,,,,,,,,,,,,,,,"R$ 0,00","R$ 0,00","R$ 0,00"
Secretaria,2.269,MANUTENÇÃO DAS ATIVIDADES ADMINISTRATIVAS DA EDUCAÇÃO,201,Serviços de Terceiros PJ,1500,"R$ 3.000,00",,,"R$ 3.000,00","R$ 0,00","R$ 0,00","R$ 0,00","R$ 0,00","R$ 0,00","R$ 0,00",,,,,,,,,,,,,,,,,,,,,,,,,,,,,,,"R$ 0,00","R$ 0,00","R$ 0,00"
Secretaria,2.269,MANUTENÇÃO DAS ATIVIDADES ADMINISTRATIVAS DA EDUCAÇÃO,204,Indenizações e restrições,1500,"R$ 1.000,00",,,"R$ 1.000,00","R$ 0,00","R$ 0,00","R$ 0,00","R$ 0,00","R$ 0,00","R$ 0,00",,,,,,,,,,,,,,,,,,,,,,,,,,,,,,,"R$ 0,00","R$ 0,00","R$ 0,00"
Secretaria,2.269,MANUTENÇÃO DAS ATIVIDADES ADMINISTRATIVAS DA EDUCAÇÃO,192,Contratação por tempo Determinado,15001,"R$ 35.000,00",,,"R$ 30.184,41","R$ 2.656,88","R$ 2.656,88","R$ 2.269,40","R$ 2.158,71","R$ 2.158,71","R$ 2.203,00",,,,,,,,,,,,,,,,,,,,,,,,,,,,,,,"R$ 4.815,59","R$ 4.815,59","R$ 4.472,40"
Secretaria,2.269,MANUTENÇÃO DAS ATIVIDADES ADMINISTRATIVAS DA EDUCAÇÃO,193,Vencimentos e Vantagens Fixas - Pessoal Civil,15001,"R$ 380.000,00",,,"R$ 331.513,07","R$ 22.777,01","R$ 22.777,01","R$ 22.777,01","R$ 25.709,92","R$ 25.709,92","R$ 25.709,92",,,,,,,,,,,,,,,,,,,,,,,,,,,,,,,"R$ 48.486,93","R$ 48.486,93","R$ 48.486,93"
Secretaria,2.269,MANUTENÇÃO DAS ATIVIDADES ADMINISTRATIVAS DA EDUCAÇÃO,194,Obrigações Patronais,15001,"R$ 54.000,00",,,"R$ 45.880,17","R$ 4.025,06","R$ 4.025,06","R$ 0,00","R$ 4.094,77","R$ 4.094,77","R$ 4.025,06",,,,,,,,,,,,,,,,,,,,,,,,,,,,,,,"R$ 8.119,83","R$ 8.119,83","R$ 4.025,06"
Secretaria,2.269,MANUTENÇÃO DAS ATIVIDADES ADMINISTRATIVAS DA EDUCAÇÃO,195,Outras Despesas Variáveis - Pessoal Civil,15001,"R$ 2.000,00",,,"R$ 1.805,48","R$ 0,00","R$ 0,00","R$ 0,00","R$ 194,52","R$ 194,52","R$ 194,52",,,,,,,,,,,,,,,,,,,,,,,,,,,,,,,"R$ 194,52","R$ 194,52","R$ 194,52"
Secretaria,2.269,MANUTENÇÃO DAS ATIVIDADES ADMINISTRATIVAS DA EDUCAÇÃO,196,Indenizações e Restituições Trabalhistas,15001,"R$ 10.000,00",,,"R$ 10.000,00","R$ 0,00","R$ 0,00","R$ 0,00","R$ 0,00","R$ 0,00","R$ 0,00",,,,,,,,,,,,,,,,,,,,,,,,,,,,,,,"R$ 0,00","R$ 0,00","R$ 0,00"
Secretaria,2.269,MANUTENÇÃO DAS ATIVIDADES ADMINISTRATIVAS DA EDUCAÇÃO,197,Diárias - Pessoal Civil,15001,"R$ 15.000,00",,,"R$ 13.920,00","R$ 1.080,00","R$ 0,00","R$ 0,00","R$ 0,00","R$ 0,00","R$ 0,00",,,,,,,,,,,,,,,,,,,,,,,,,,,,,,,"R$ 1.080,00","R$ 0,00","R$ 0,00"
Secretaria,2.269,MANUTENÇÃO DAS ATIVIDADES ADMINISTRATIVAS DA EDUCAÇÃO,198,Materiais de Consumo,15001,"R$ 50.000,00",,,"R$ 43.908,42","R$ 6.091,58","R$ 0,00","R$ 0,00","R$ 0,00","R$ 1.352,27","R$ 310,96",,,,,,,,,,,,,,,,,,,,,,,,,,,,,,,"R$ 6.091,58","R$ 1.352,27","R$ 310,96"
Secretaria,2.269,MANUTENÇÃO DAS ATIVIDADES ADMINISTRATIVAS DA EDUCAÇÃO,199,Passagens e despesas com locomoção,15001,"R$ 5.000,00",,,"R$ 5.000,00","R$ 0,00","R$ 0,00","R$ 0,00","R$ 0,00","R$ 0,00","R$ 0,00",,,,,,,,,,,,,,,,,,,,,,,,,,,,,,,"R$ 0,00","R$ 0,00","R$ 0,00"
Secretaria,2.269,MANUTENÇÃO DAS ATIVIDADES ADMINISTRATIVAS DA EDUCAÇÃO,200,Serviços de Terceiro PF ,15001,"R$ 20.000,00",,,"R$ 13.048,90","R$ 6.951,10","R$ 0,00","R$ 0,00","R$ 0,00","R$ 1.390,22","R$ 1.390,22",,,,,,,,,,,,,,,,,,,,,,,,,,,,,,,"R$ 6.951,10","R$ 1.390,22","R$ 1.390,22"
Secretaria,2.269,MANUTENÇÃO DAS ATIVIDADES ADMINISTRATIVAS DA EDUCAÇÃO,201,Serviços de Terceiros PJ,15001,"R$ 80.000,00",,,"R$ 14.325,01","R$ 64.394,99","R$ 187,57","R$ 187,57","R$ 1.280,00","R$ 6.438,59","R$ 6.069,99",,,,,,,,,,,,,,,,,,,,,,,,,,,,,,,"R$ 65.674,99","R$ 6.626,16","R$ 6.257,56"
Secretaria,2.269,MANUTENÇÃO DAS ATIVIDADES ADMINISTRATIVAS DA EDUCAÇÃO,202,Auxílio-alimentação,15001,"R$ 7.000,00",,,"R$ 5.555,00","R$ 750,00","R$ 750,00","R$ 750,00","R$ 695,00","R$ 695,00","R$ 695,00",,,,,,,,,,,,,,,,,,,,,,,,,,,,,,,"R$ 1.445,00","R$ 1.445,00","R$ 1.445,00"
Secretaria,2.269,MANUTENÇÃO DAS ATIVIDADES ADMINISTRATIVAS DA EDUCAÇÃO,203,Despesas de exercícios anteriores,15001,"R$ 1.000,00",,,"R$ 1.000,00","R$ 0,00","R$ 0,00","R$ 0,00","R$ 0,00","R$ 0,00","R$ 0,00",,,,,,,,,,,,,,,,,,,,,,,,,,,,,,,"R$ 0,00","R$ 0,00","R$ 0,00"
Secretaria,2.269,MANUTENÇÃO DAS ATIVIDADES ADMINISTRATIVAS DA EDUCAÇÃO,205,Equipamentos e Materiais Permanentes ,15001,"R$ 20.000,00",,,"R$ 20.000,00","R$ 0,00","R$ 0,00","R$ 0,00","R$ 0,00","R$ 0,00","R$ 0,00",,,,,,,,,,,,,,,,,,,,,,,,,,,,,,,"R$ 0,00","R$ 0,00","R$ 0,00"
Secretaria,2.269,MANUTENÇÃO DAS ATIVIDADES ADMINISTRATIVAS DA EDUCAÇÃO,201,Serviços de Terceiros PJ,1571,"R$ 50,00",,,"R$ 0,00","R$ 50,00","R$ 0,00","R$ 0,00","R$ 0,00","R$ 0,00","R$ 0,00",,,,,,,,,,,,,,,,,,,,,,,,,,,,,,,"R$ 50,00","R$ 0,00","R$ 0,00"
Secretaria,2.269,MANUTENÇÃO DAS ATIVIDADES ADMINISTRATIVAS DA EDUCAÇÃO,204,Indenizações e restrições,1571,"R$ 50,00",,,"R$ 50,00","R$ 0,00","R$ 0,00","R$ 0,00","R$ 0,00","R$ 0,00","R$ 0,00",,,,,,,,,,,,,,,,,,,,,,,,,,,,,,,"R$ 0,00","R$ 0,00","R$ 0,00"
Ensino Fundamental,1.100,"CONSTRUÇÃO, AMPLIAÇÃO E REFORMAS DE PRÉDIOS E AMBIENTES ESCOLARES ",215,Obras e Instalações ,15001,"R$ 250.000,00",,"R$ 175.485,63","R$ 74.514,37","R$ 0,00","R$ 0,00","R$ 0,00","R$ 0,00","R$ 0,00","R$ 0,00",,,,,,,,,,,,,,,,,,,,,,,,,,,,,,,"R$ 0,00","R$ 0,00","R$ 0,00"
Ensino Fundamental,1.100,"CONSTRUÇÃO, AMPLIAÇÃO E REFORMAS DE PRÉDIOS E AMBIENTES ESCOLARES ",215,Obras e Instalações ,1550,"R$ 200.000,00",,,"R$ 200.000,00","R$ 0,00","R$ 0,00","R$ 0,00","R$ 0,00","R$ 0,00","R$ 0,00",,,,,,,,,,,,,,,,,,,,,,,,,,,,,,,"R$ 0,00","R$ 0,00","R$ 0,00"
Educação Infantil ,1.105,"CONSTRUÇÃO, AMPLIAÇÃO E REFORMAS DE PRÉDIOS E AMBIENTES ESCOLARES ",228,Obras e Instalações ,15001,"R$ 150.000,00",,"R$ 13.242,03","R$ 136.757,97","R$ 0,00","R$ 0,00","R$ 0,00","R$ 0,00","R$ 0,00","R$ 0,00",,,,,,,,,,,,,,,,,,,,,,,,,,,,,,,"R$ 0,00","R$ 0,00","R$ 0,00"
Educação Infantil ,1.105,"CONSTRUÇÃO, AMPLIAÇÃO E REFORMAS DE PRÉDIOS E AMBIENTES ESCOLARES ",228,Obras e Instalações ,1550,"R$ 150.000,00",,,"R$ 150.000,00","R$ 0,00","R$ 0,00","R$ 0,00","R$ 0,00","R$ 0,00","R$ 0,00",,,,,,,,,,,,,,,,,,,,,,,,,,,,,,,"R$ 0,00","R$ 0,00","R$ 0,00"
Ensino Geral,2.249,MANUTENÇÃO DO TRANSPORTE ESCOLAR ,206,Contratação por tempo Determinado,15001,"R$ 158.000,00",,,"R$ 103.622,20","R$ 27.467,52","R$ 27.467,52","R$ 23.443,23","R$ 26.910,28","R$ 26.910,28","R$ 26.878,37",,,,,,,,,,,,,,,,,,,,,,,,,,,,,,,"R$ 54.377,80","R$ 54.377,80","R$ 50.321,60"
Ensino Geral,2.249,MANUTENÇÃO DO TRANSPORTE ESCOLAR ,207,Vencimentos e Vantagens Fixas - Pessoal Civil,15001,"R$ 350.000,00",,,"R$ 343.516,00","R$ 3.242,00","R$ 3.242,00","R$ 3.242,00","R$ 3.242,00","R$ 3.242,00","R$ 3.242,00",,,,,,,,,,,,,,,,,,,,,,,,,,,,,,,"R$ 6.484,00","R$ 6.484,00","R$ 6.484,00"
Ensino Geral,2.249,MANUTENÇÃO DO TRANSPORTE ESCOLAR ,208,Obrigações Patronais,15001,"R$ 45.000,00",,,"R$ 43.892,94","R$ 553,53","R$ 553,53","R$ 0,00","R$ 553,53","R$ 553,53","R$ 553,53",,,,,,,,,,,,,,,,,,,,,,,,,,,,,,,"R$ 1.107,06","R$ 1.107,06","R$ 553,53"
Ensino Geral,2.249,MANUTENÇÃO DO TRANSPORTE ESCOLAR ,209,Outras Despesas Variáveis - Pessoal Civil,15001,"R$ 80.000,00",,,"R$ 78.970,49","R$ 126,71","R$ 126,71","R$ 126,71","R$ 902,80","R$ 902,80","R$ 902,80",,,,,,,,,,,,,,,,,,,,,,,,,,,,,,,"R$ 1.029,51","R$ 1.029,51","R$ 1.029,51"
Ensino Geral,2.249,MANUTENÇÃO DO TRANSPORTE ESCOLAR ,210,Indenizações e Restituições Trabalhistas,15001,"R$ 16.000,00",,"R$ 2.648,89","R$ 13.351,11","R$ 0,00","R$ 0,00","R$ 0,00","R$ 0,00","R$ 0,00","R$ 0,00",,,,,,,,,,,,,,,,,,,,,,,,,,,,,,,"R$ 0,00","R$ 0,00","R$ 0,00"
Ensino Geral,2.249,MANUTENÇÃO DO TRANSPORTE ESCOLAR ,211,Materiais de Consumo,15001,"R$ 350.000,00",,,"R$ 246.982,03","R$ 87.900,37","R$ 0,00","R$ 0,00","R$ 15.117,60","R$ 30.378,53","R$ 12.962,36",,,,,,,,,,,,,,,,,,,,,,,,,,,,,,,"R$ 103.017,97","R$ 30.378,53","R$ 12.962,36"
Ensino Geral,2.249,MANUTENÇÃO DO TRANSPORTE ESCOLAR ,212,Serviços de Terceiro PF ,15001,"R$ 1.000,00",,,"R$ 1.000,00","R$ 0,00","R$ 0,00","R$ 0,00","R$ 0,00","R$ 0,00","R$ 0,00",,,,,,,,,,,,,,,,,,,,,,,,,,,,,,,"R$ 0,00","R$ 0,00","R$ 0,00"
Ensino Geral,2.249,MANUTENÇÃO DO TRANSPORTE ESCOLAR ,213,Serviços de Terceiros PJ,15001,"R$ 1.400.000,00",,,"R$ 697.646,46","R$ 14.742,72","R$ 0,00","R$ 0,00","R$ 687.610,82","R$ 10.197,44","R$ 3.662,93",,,,,,,,,,,,,,,,,,,,,,,,,,,,,,,"R$ 702.353,54","R$ 10.197,44","R$ 3.662,93"
Ensino Geral,2.249,MANUTENÇÃO DO TRANSPORTE ESCOLAR ,214,Auxílio-alimentação,15001,"R$ 21.600,00",,,"R$ 18.600,00","R$ 1.500,00","R$ 1.500,00","R$ 1.500,00","R$ 1.500,00","R$ 1.500,00","R$ 1.500,00",,,,,,,,,,,,,,,,,,,,,,,,,,,,,,,"R$ 3.000,00","R$ 3.000,00","R$ 3.000,00"
Ensino Fundamental,2.270,MANUTENÇÃO DAS ATIVIDADES DA EDUCAÇÃO ,217,Vencimentos e Vantagens Fixas - Pessoal Civil,1500,"R$ 25.000,00",,"R$ 8.250,00","R$ 16.750,00","R$ 0,00","R$ 0,00","R$ 0,00","R$ 0,00","R$ 0,00","R$ 0,00",,,,,,,,,,,,,,,,,,,,,,,,,,,,,,,"R$ 0,00","R$ 0,00","R$ 0,00"
Ensino Fundamental,2.270,MANUTENÇÃO DAS ATIVIDADES DA EDUCAÇÃO ,218,Obrigações Patronais,1500,"R$ 4.000,00",,,"R$ 4.000,00","R$ 0,00","R$ 0,00","R$ 0,00","R$ 0,00","R$ 0,00","R$ 0,00",,,,,,,,,,,,,,,,,,,,,,,,,,,,,,,"R$ 0,00","R$ 0,00","R$ 0,00"
Ensino Fundamental,2.270,MANUTENÇÃO DAS ATIVIDADES DA EDUCAÇÃO ,219,Outras Despesas Variáveis - Pessoal Civil,1500,"R$ 1.000,00",,,"R$ 1.000,00","R$ 0,00","R$ 0,00","R$ 0,00","R$ 0,00","R$ 0,00","R$ 0,00",,,,,,,,,,,,,,,,,,,,,,,,,,,,,,,"R$ 0,00","R$ 0,00","R$ 0,00"
Ensino Fundamental,2.270,MANUTENÇÃO DAS ATIVIDADES DA EDUCAÇÃO ,220,Indenizações e Restituições Trabalhistas,1500,"R$ 5.000,00","R$ 2.648,89",,"R$ 0,00","R$ 7.648,89","R$ 7.648,89","R$ 7.648,89","R$ 0,00","R$ 0,00","R$ 0,00",,,,,,,,,,,,,,,,,,,,,,,,,,,,,,,"R$ 7.648,89","R$ 7.648,89","R$ 7.648,89"
Ensino Fundamental,2.270,MANUTENÇÃO DAS ATIVIDADES DA EDUCAÇÃO ,221,Diárias - Pessoal Civil,1500,"R$ 4.000,00",,,"R$ 3.700,00","R$ 0,00","R$ 0,00","R$ 0,00","R$ 300,00","R$ 0,00","R$ 0,00",,,,,,,,,,,,,,,,,,,,,,,,,,,,,,,"R$ 300,00","R$ 0,00","R$ 0,00"
Ensino Fundamental,2.270,MANUTENÇÃO DAS ATIVIDADES DA EDUCAÇÃO ,223,Serviços de Terceiro PF ,1500,"R$ 3.000,00",,,"R$ 3.000,00","R$ 0,00","R$ 0,00","R$ 0,00","R$ 0,00","R$ 0,00","R$ 0,00",,,,,,,,,,,,,,,,,,,,,,,,,,,,,,,"R$ 0,00","R$ 0,00","R$ 0,00"
Ensino Fundamental,2.270,MANUTENÇÃO DAS ATIVIDADES DA EDUCAÇÃO ,224,Serviços de Terceiros PJ,1500,"R$ 1.000,00",,,"R$ 1.000,00","R$ 0,00","R$ 0,00","R$ 0,00","R$ 0,00","R$ 0,00","R$ 0,00",,,,,,,,,,,,,,,,,,,,,,,,,,,,,,,"R$ 0,00","R$ 0,00","R$ 0,00"
Ensino Fundamental,2.270,MANUTENÇÃO DAS ATIVIDADES DA EDUCAÇÃO ,225,Auxílio-alimentação,1500,"R$ 1.800,00",,,"R$ 1.800,00","R$ 0,00","R$ 0,00","R$ 0,00","R$ 0,00","R$ 0,00","R$ 0,00",,,,,,,,,,,,,,,,,,,,,,,,,,,,,,,"R$ 0,00","R$ 0,00","R$ 0,00"
Ensino Fundamental,2.270,MANUTENÇÃO DAS ATIVIDADES DA EDUCAÇÃO ,216,Contratação por tempo Determinado,15001,"R$ 518.000,00",,,"R$ 496.663,57","R$ 11.579,29","R$ 11.579,29","R$ 9.890,60","R$ 9.757,14","R$ 9.757,14","R$ 10.022,87",,,,,,,,,,,,,,,,,,,,,,,,,,,,,,,"R$ 21.336,43","R$ 21.336,43","R$ 19.913,47"
Ensino Fundamental,2.270,MANUTENÇÃO DAS ATIVIDADES DA EDUCAÇÃO ,217,Vencimentos e Vantagens Fixas - Pessoal Civil,15001,"R$ 2.600.000,00",,,"R$ 2.551.377,18","R$ 14.808,06","R$ 14.808,06","R$ 14.808,06","R$ 33.814,76","R$ 33.814,76","R$ 33.814,76",,,,,,,,,,,,,,,,,,,,,,,,,,,,,,,"R$ 48.622,82","R$ 48.622,82","R$ 48.622,82"
Ensino Fundamental,2.270,MANUTENÇÃO DAS ATIVIDADES DA EDUCAÇÃO ,218,Obrigações Patronais,15001,"R$ 416.000,00",,,"R$ 406.194,59","R$ 3.141,04","R$ 3.141,04","R$ 0,00","R$ 6.664,37","R$ 6.664,37","R$ 3.262,61",,,,,,,,,,,,,,,,,,,,,,,,,,,,,,,"R$ 9.805,41","R$ 9.805,41","R$ 3.262,61"
Ensino Fundamental,2.270,MANUTENÇÃO DAS ATIVIDADES DA EDUCAÇÃO ,219,Outras Despesas Variáveis - Pessoal Civil,15001,"R$ 10.000,00",,,"R$ 10.000,00","R$ 0,00","R$ 0,00","R$ 0,00","R$ 0,00","R$ 0,00","R$ 0,00",,,,,,,,,,,,,,,,,,,,,,,,,,,,,,,"R$ 0,00","R$ 0,00","R$ 0,00"
Ensino Fundamental,2.270,MANUTENÇÃO DAS ATIVIDADES DA EDUCAÇÃO ,220,Indenizações e Restituições Trabalhistas,15001,"R$ 200.000,00",,"R$ 3.502,77","R$ 196.497,23","R$ 0,00","R$ 0,00","R$ 0,00","R$ 0,00","R$ 0,00","R$ 0,00",,,,,,,,,,,,,,,,,,,,,,,,,,,,,,,"R$ 0,00","R$ 0,00","R$ 0,00"
Ensino Fundamental,2.270,MANUTENÇÃO DAS ATIVIDADES DA EDUCAÇÃO ,222,Materiais de Consumo,15001,"R$ 480.000,00",,,"R$ 283.681,10","R$ 189.830,90","R$ 0,00","R$ 0,00","R$ 6.488,00","R$ 34.754,30","R$ 26.061,00",,,,,,,,,,,,,,,,,,,,,,,,,,,,,,,"R$ 196.318,90","R$ 34.754,30","R$ 26.061,00"
Ensino Fundamental,2.270,MANUTENÇÃO DAS ATIVIDADES DA EDUCAÇÃO ,224,Serviços de Terceiros PJ,15001,"R$ 60.000,00",,,"R$ 38.377,00","R$ 7.534,00","R$ 0,00","R$ 0,00","R$ 14.089,00","R$ 2.811,99","R$ 595,83",,,,,,,,,,,,,,,,,,,,,,,,,,,,,,,"R$ 21.623,00","R$ 2.811,99","R$ 595,83"
Ensino Fundamental,2.270,MANUTENÇÃO DAS ATIVIDADES DA EDUCAÇÃO ,225,Auxílio-alimentação,15001,"R$ 53.000,00",,,"R$ 49.765,00","R$ 1.035,00","R$ 1.035,00","R$ 1.035,00","R$ 2.200,00","R$ 2.200,00","R$ 2.200,00",,,,,,,,,,,,,,,,,,,,,,,,,,,,,,,"R$ 3.235,00","R$ 3.235,00","R$ 3.235,00"
Ensino Fundamental,2.270,MANUTENÇÃO DAS ATIVIDADES DA EDUCAÇÃO ,226,Equipamentos e Materiais Permanentes ,15001,"R$ 5.000,00",,,"R$ 5.000,00","R$ 0,00","R$ 0,00","R$ 0,00","R$ 0,00","R$ 0,00","R$ 0,00",,,,,,,,,,,,,,,,,,,,,,,,,,,,,,,"R$ 0,00","R$ 0,00","R$ 0,00"
Ensino Fundamental,2.270,MANUTENÇÃO DAS ATIVIDADES DA EDUCAÇÃO ,222,Materiais de Consumo,1550,"R$ 100.000,00",,"R$ 2.156,00","R$ 69.028,75","R$ 12.975,25","R$ 0,00","R$ 0,00","R$ 15.840,00","R$ 9.235,00","R$ 0,00",,,,,,,,,,,,,,,,,,,,,,,,,,,,,,,"R$ 28.815,25","R$ 9.235,00","R$ 0,00"
Ensino Fundamental,2.272,"AQUISIÇÃO DE UNIFORMES, KIT ESCOLAR P/ ALUNOS DA REDE PÚBLICA MUNICIPAL ",227,Materiais de Consumo,1500,"R$ 200.000,00",,,"R$ 113.066,41","R$ 86.933,59","R$ 0,00","R$ 0,00","R$ 0,00","R$ 0,00","R$ 0,00",,,,,,,,,,,,,,,,,,,,,,,,,,,,,,,"R$ 86.933,59","R$ 0,00","R$ 0,00"
Ensino Fundamental,2.272,"AQUISIÇÃO DE UNIFORMES, KIT ESCOLAR P/ ALUNOS DA REDE PÚBLICA MUNICIPAL ",227,Materiais de Consumo,1550,"R$ 150.000,00",,,"R$ 4.064,07","R$ 145.935,93","R$ 0,00","R$ 0,00","R$ 0,00","R$ 0,00","R$ 0,00",,,,,,,,,,,,,,,,,,,,,,,,,,,,,,,"R$ 145.935,93","R$ 0,00","R$ 0,00"
Educação Infantil ,2.273,MANUTENÇÃO DAS ATIVIDADES DA EDUCAÇÃO ,230,Vencimentos e Vantagens Fixas - Pessoal Civil,1500,"R$ 113.000,00",,,"R$ 113.000,00","R$ 0,00","R$ 0,00","R$ 0,00","R$ 0,00","R$ 0,00","R$ 0,00",,,,,,,,,,,,,,,,,,,,,,,,,,,,,,,"R$ 0,00","R$ 0,00","R$ 0,00"
Educação Infantil ,2.273,MANUTENÇÃO DAS ATIVIDADES DA EDUCAÇÃO ,231,Obrigações Patronais,1500,"R$ 18.000,00",,,"R$ 17.555,12","R$ 23,07","R$ 23,07","R$ 0,00","R$ 421,81","R$ 421,81","R$ 23,07",,,,,,,,,,,,,,,,,,,,,,,,,,,,,,,"R$ 444,88","R$ 444,88","R$ 23,07"
Educação Infantil ,2.273,MANUTENÇÃO DAS ATIVIDADES DA EDUCAÇÃO ,232,Outras Despesas Variáveis - Pessoal Civil,1500,"R$ 500,00",,,"R$ 500,00","R$ 0,00","R$ 0,00","R$ 0,00","R$ 0,00","R$ 0,00","R$ 0,00",,,,,,,,,,,,,,,,,,,,,,,,,,,,,,,"R$ 0,00","R$ 0,00","R$ 0,00"
Educação Infantil ,2.273,MANUTENÇÃO DAS ATIVIDADES DA EDUCAÇÃO ,233,Indenizações e Restituições Trabalhistas,1500,"R$ 1.000,00","R$ 29.686,21",,"R$ 0,00","R$ 4.502,77","R$ 4.502,77","R$ 0,00","R$ 26.183,44","R$ 26.183,44","R$ 30.510,29",,,,,,,,,,,,,,,,,,,,,,,,,,,,,,,"R$ 30.686,21","R$ 30.686,21","R$ 30.510,29"
Educação Infantil ,2.273,MANUTENÇÃO DAS ATIVIDADES DA EDUCAÇÃO ,235,Materiais de Consumo,1500,"R$ 3.000,00",,,"R$ 1.985,80","R$ 1.014,20","R$ 0,00","R$ 0,00","R$ 0,00","R$ 0,00","R$ 0,00",,,,,,,,,,,,,,,,,,,,,,,,,,,,,,,"R$ 1.014,20","R$ 0,00","R$ 0,00"
Educação Infantil ,2.273,MANUTENÇÃO DAS ATIVIDADES DA EDUCAÇÃO ,237,Serviços de Terceiros PJ,1500,"R$ 20.000,00",,"R$ 20.000,00","R$ 0,00","R$ 0,00","R$ 0,00","R$ 0,00","R$ 0,00","R$ 0,00","R$ 0,00",,,,,,,,,,,,,,,,,,,,,,,,,,,,,,,"R$ 0,00","R$ 0,00","R$ 0,00"
Educação Infantil ,2.273,MANUTENÇÃO DAS ATIVIDADES DA EDUCAÇÃO ,238,Auxílio-alimentação,1500,"R$ 1.800,00",,,"R$ 1.800,00","R$ 0,00","R$ 0,00","R$ 0,00","R$ 0,00","R$ 0,00","R$ 0,00",,,,,,,,,,,,,,,,,,,,,,,,,,,,,,,"R$ 0,00","R$ 0,00","R$ 0,00"
Educação Infantil ,2.273,MANUTENÇÃO DAS ATIVIDADES DA EDUCAÇÃO ,229,Contratação por tempo Determinado,15001,"R$ 350.000,00",,,"R$ 339.130,46","R$ 2.865,39","R$ 2.865,39","R$ 2.447,50","R$ 8.004,15","R$ 8.004,15","R$ 7.254,75",,,,,,,,,,,,,,,,,,,,,,,,,,,,,,,"R$ 10.869,54","R$ 10.869,54","R$ 9.702,25"
Educação Infantil ,2.273,MANUTENÇÃO DAS ATIVIDADES DA EDUCAÇÃO ,230,Vencimentos e Vantagens Fixas - Pessoal Civil,15001,"R$ 1.400.000,00",,,"R$ 1.264.214,64","R$ 48.049,68","R$ 48.049,68","R$ 47.924,73","R$ 87.735,68","R$ 87.735,68","R$ 87.860,63",,,,,,,,,,,,,,,,,,,,,,,,,,,,,,,"R$ 135.785,36","R$ 135.785,36","R$ 135.785,36"
Educação Infantil ,2.273,MANUTENÇÃO DAS ATIVIDADES DA EDUCAÇÃO ,231,Obrigações Patronais,15001,"R$ 170.000,00",,,"R$ 144.203,46","R$ 9.649,47","R$ 9.649,47","R$ 202,62","R$ 16.147,07","R$ 16.147,07","R$ 9.712,51",,,,,,,,,,,,,,,,,,,,,,,,,,,,,,,"R$ 25.796,54","R$ 25.796,54","R$ 9.915,13"
Educação Infantil ,2.273,MANUTENÇÃO DAS ATIVIDADES DA EDUCAÇÃO ,232,Outras Despesas Variáveis - Pessoal Civil,15001,"R$ 7.000,00",,,"R$ 6.507,98","R$ 0,00","R$ 0,00","R$ 0,00","R$ 492,02","R$ 492,02","R$ 492,02",,,,,,,,,,,,,,,,,,,,,,,,,,,,,,,"R$ 492,02","R$ 492,02","R$ 492,02"
Educação Infantil ,2.273,MANUTENÇÃO DAS ATIVIDADES DA EDUCAÇÃO ,233,Indenizações e Restituições Trabalhistas,15001,"R$ 150.000,00",,"R$ 26.539,24","R$ 123.460,76","R$ 0,00","R$ 0,00","R$ 0,00","R$ 0,00","R$ 0,00","R$ 0,00",,,,,,,,,,,,,,,,,,,,,,,,,,,,,,,"R$ 0,00","R$ 0,00","R$ 0,00"
Educação Infantil ,2.273,MANUTENÇÃO DAS ATIVIDADES DA EDUCAÇÃO ,234,Diárias - Pessoal Civil,15001,"R$ 1.000,00",,,"R$ 1.000,00","R$ 0,00","R$ 0,00","R$ 0,00","R$ 0,00","R$ 0,00","R$ 0,00",,,,,,,,,,,,,,,,,,,,,,,,,,,,,,,"R$ 0,00","R$ 0,00","R$ 0,00"
Educação Infantil ,2.273,MANUTENÇÃO DAS ATIVIDADES DA EDUCAÇÃO ,235,Materiais de Consumo,15001,"R$ 200.000,00",,,"R$ 113.746,10","R$ 79.393,25","R$ 0,00","R$ 0,00","R$ 6.860,65","R$ 6.630,80","R$ 0,00",,,,,,,,,,,,,,,,,,,,,,,,,,,,,,,"R$ 86.253,90","R$ 6.630,80","R$ 0,00"
Educação Infantil ,2.273,MANUTENÇÃO DAS ATIVIDADES DA EDUCAÇÃO ,236,Serviços de Terceiro PF ,15001,"R$ 5.000,00",,,"R$ 5.000,00","R$ 0,00","R$ 0,00","R$ 0,00","R$ 0,00","R$ 0,00","R$ 0,00",,,,,,,,,,,,,,,,,,,,,,,,,,,,,,,"R$ 0,00","R$ 0,00","R$ 0,00"
Educação Infantil ,2.273,MANUTENÇÃO DAS ATIVIDADES DA EDUCAÇÃO ,237,Serviços de Terceiros PJ,15001,"R$ 0,00","R$ 20.000,00",,"R$ 12.306,00","R$ 3.894,00","R$ 0,00","R$ 0,00","R$ 3.800,00","R$ 959,45","R$ 298,49",,,,,,,,,,,,,,,,,,,,,,,,,,,,,,,"R$ 7.694,00","R$ 959,45","R$ 298,49"
Educação Infantil ,2.273,MANUTENÇÃO DAS ATIVIDADES DA EDUCAÇÃO ,238,Auxílio-alimentação,15001,"R$ 42.000,00",,,"R$ 33.303,07","R$ 3.000,00","R$ 3.000,00","R$ 3.000,00","R$ 5.696,93","R$ 5.696,93","R$ 5.696,93",,,,,,,,,,,,,,,,,,,,,,,,,,,,,,,"R$ 8.696,93","R$ 8.696,93","R$ 8.696,93"
Educação Infantil ,2.273,MANUTENÇÃO DAS ATIVIDADES DA EDUCAÇÃO ,239,Equipamentos e Materiais Permanentes ,15001,"R$ 10.000,00",,,"R$ 1.182,97","R$ 8.666,99","R$ 0,00","R$ 0,00","R$ 150,04","R$ 5.860,00","R$ 5.860,00",,,,,,,,,,,,,,,,,,,,,,,,,,,,,,,"R$ 8.817,03","R$ 5.860,00","R$ 5.860,00"
Educação Infantil ,2.274,"AQUISIÇÃO DE UNIFORMES, KIT ESCOLAR P/ ALUNOS DA REDE PÚBLICA MUNICIPAL ",240,Materiais de Consumo,1500,"R$ 205.000,00",,,"R$ 105.147,83","R$ 99.852,17","R$ 0,00","R$ 0,00","R$ 0,00","R$ 0,00","R$ 0,00",,,,,,,,,,,,,,,,,,,,,,,,,,,,,,,"R$ 99.852,17","R$ 0,00","R$ 0,00"
Educação Infantil ,2.274,"AQUISIÇÃO DE UNIFORMES, KIT ESCOLAR P/ ALUNOS DA REDE PÚBLICA MUNICIPAL ",240,Materiais de Consumo,1550,"R$ 60.000,00",,,"R$ 557,69","R$ 59.442,31","R$ 0,00","R$ 0,00","R$ 0,00","R$ 0,00","R$ 0,00",,,,,,,,,,,,,,,,,,,,,,,,,,,,,,,"R$ 59.442,31","R$ 0,00","R$ 0,00"
Ensino Fundamental,1.101,ESTRUTURAÇÃO DA REDE PÚBLICA MUNICIPAL ,245,Obras e Instalações ,15403,"R$ 50.000,00",,,"R$ 50.000,00","R$ 0,00","R$ 0,00","R$ 0,00","R$ 0,00","R$ 0,00","R$ 0,00",,,,,,,,,,,,,,,,,,,,,,,,,,,,,,,"R$ 0,00","R$ 0,00","R$ 0,00"
Ensino Fundamental,1.101,ESTRUTURAÇÃO DA REDE PÚBLICA MUNICIPAL ,246,Equipamentos e Materiais Permanentes ,15403,"R$ 30.000,00",,,"R$ 20.623,01","R$ 9.376,99","R$ 0,00","R$ 0,00","R$ 0,00","R$ 5.860,00","R$ 51,12",,,,,,,,,,,,,,,,,,,,,,,,,,,,,,,"R$ 9.376,99","R$ 5.860,00","R$ 51,12"
Educação Infantil ,1.102,ESTRUTURAÇÃO DA REDE PÚBLICA MUNICIPAL ,255,Obras e Instalações ,15403,"R$ 50.000,00",,,"R$ 50.000,00","R$ 0,00","R$ 0,00","R$ 0,00","R$ 0,00","R$ 0,00","R$ 0,00",,,,,,,,,,,,,,,,,,,,,,,,,,,,,,,"R$ 0,00","R$ 0,00","R$ 0,00"
Educação Infantil ,1.102,ESTRUTURAÇÃO DA REDE PÚBLICA MUNICIPAL ,256,Equipamentos e Materiais Permanentes ,15403,"R$ 10.000,00",,,"R$ 10.000,00","R$ 0,00","R$ 0,00","R$ 0,00","R$ 0,00","R$ 0,00","R$ 0,00",,,,,,,,,,,,,,,,,,,,,,,,,,,,,,,"R$ 0,00","R$ 0,00","R$ 0,00"
Educação Infantil ,2.226,MANUTENÇÃO DAS ATIVIDADES DA EDUCAÇÃO ,257,Materiais de Consumo,15403,"R$ 100.000,00",,,"R$ 85.021,64","R$ 14.978,36","R$ 0,00","R$ 0,00","R$ 0,00","R$ 4.050,00","R$ 0,00",,,,,,,,,,,,,,,,,,,,,,,,,,,,,,,"R$ 14.978,36","R$ 4.050,00","R$ 0,00"
Educação Infantil ,2.226,MANUTENÇÃO DAS ATIVIDADES DA EDUCAÇÃO ,288,Serviços de Terceiros PJ,15403,"R$ 30.000,00",,,"R$ 30.000,00","R$ 0,00","R$ 0,00","R$ 0,00","R$ 0,00","R$ 0,00","R$ 0,00",,,,,,,,,,,,,,,,,,,,,,,,,,,,,,,"R$ 0,00","R$ 0,00","R$ 0,00"
Educação Infantil ,2.227,REMUNERAÇÃO DOS PROFISSIONAIS DA EDUCAÇÃO,264,Auxílio-alimentação,15403,"R$ 120.600,00",,,"R$ 109.198,63","R$ 5.250,00","R$ 5.250,00","R$ 5.250,00","R$ 6.151,37","R$ 6.151,37","R$ 6.151,37",,,,,,,,,,,,,,,,,,,,,,,,,,,,,,,"R$ 11.401,37","R$ 11.401,37","R$ 11.401,37"
Educação Infantil ,2.227,REMUNERAÇÃO DOS PROFISSIONAIS DA EDUCAÇÃO,259,Contratação por tempo Determinado,15407,"R$ 800.000,00",,,"R$ 779.603,15","R$ 0,00","R$ 0,00","R$ 0,00","R$ 20.396,85","R$ 20.396,85","R$ 17.422,21",,,,,,,,,,,,,,,,,,,,,,,,,,,,,,,"R$ 20.396,85","R$ 20.396,85","R$ 17.422,21"
Educação Infantil ,2.227,REMUNERAÇÃO DOS PROFISSIONAIS DA EDUCAÇÃO,260,Vencimentos e Vantagens Fixas - Pessoal Civil,15407,"R$ 3.500.000,00",,,"R$ 3.029.698,58","R$ 229.906,59","R$ 229.906,59","R$ 229.906,59","R$ 240.394,83","R$ 240.394,83","R$ 240.394,83",,,,,,,,,,,,,,,,,,,,,,,,,,,,,,,"R$ 470.301,42","R$ 470.301,42","R$ 470.301,42"
Educação Infantil ,2.227,REMUNERAÇÃO DOS PROFISSIONAIS DA EDUCAÇÃO,261,Obrigações Patronais,15407,"R$ 800.000,00",,,"R$ 719.133,20","R$ 39.584,46","R$ 39.584,46","R$ 472,79","R$ 41.282,34","R$ 41.282,34","R$ 39.314,29",,,,,,,,,,,,,,,,,,,,,,,,,,,,,,,"R$ 80.866,80","R$ 80.866,80","R$ 39.787,08"
Educação Infantil ,2.227,REMUNERAÇÃO DOS PROFISSIONAIS DA EDUCAÇÃO,262,Outras Despesas Variáveis - Pessoal Civil,15407,"R$ 10.000,00",,,"R$ 10.000,00","R$ 0,00","R$ 0,00","R$ 0,00","R$ 0,00","R$ 0,00","R$ 0,00",,,,,,,,,,,,,,,,,,,,,,,,,,,,,,,"R$ 0,00","R$ 0,00","R$ 0,00"
Educação Infantil ,2.227,REMUNERAÇÃO DOS PROFISSIONAIS DA EDUCAÇÃO,263,Indenizações e Restituições Trabalhistas,15407,"R$ 1.000,00",,,"R$ 1.000,00","R$ 0,00","R$ 0,00","R$ 0,00","R$ 0,00","R$ 0,00","R$ 0,00",,,,,,,,,,,,,,,,,,,,,,,,,,,,,,,"R$ 0,00","R$ 0,00","R$ 0,00"
Ensino Fundamental,2.248,REMUNERAÇÃO DOS PROFISSIONAIS DA EDUCAÇÃO,252,Auxílio-alimentação,15403,"R$ 100.000,00",,,"R$ 73.240,00","R$ 11.050,00","R$ 11.050,00","R$ 11.050,00","R$ 15.710,00","R$ 15.710,00","R$ 15.710,00",,,,,,,,,,,,,,,,,,,,,,,,,,,,,,,"R$ 26.760,00","R$ 26.760,00","R$ 26.760,00"
Ensino Fundamental,2.248,REMUNERAÇÃO DOS PROFISSIONAIS DA EDUCAÇÃO,247,Contratação por tempo Determinado,15407,"R$ 800.000,00",,,"R$ 730.547,29","R$ 0,00","R$ 0,00","R$ 0,00","R$ 69.452,71","R$ 69.452,71","R$ 59.323,87",,,,,,,,,,,,,,,,,,,,,,,,,,,,,,,"R$ 69.452,71","R$ 69.452,71","R$ 59.323,87"
Ensino Fundamental,2.248,REMUNERAÇÃO DOS PROFISSIONAIS DA EDUCAÇÃO,248,Vencimentos e Vantagens Fixas - Pessoal Civil,15407,"R$ 5.900.000,00",,,"R$ 4.932.710,78","R$ 442.624,04","R$ 442.624,04","R$ 442.624,04","R$ 524.665,18","R$ 524.665,18","R$ 524.665,18",,,,,,,,,,,,,,,,,,,,,,,,,,,,,,,"R$ 967.289,22","R$ 967.289,22","R$ 967.289,22"
Ensino Fundamental,2.248,REMUNERAÇÃO DOS PROFISSIONAIS DA EDUCAÇÃO,249,Obrigações Patronais,15407,"R$ 800.000,00",,,"R$ 630.856,53","R$ 77.643,92","R$ 77.643,92","R$ 2.350,45","R$ 91.499,55","R$ 91.499,55","R$ 75.293,47",,,,,,,,,,,,,,,,,,,,,,,,,,,,,,,"R$ 169.143,47","R$ 169.143,47","R$ 77.643,92"
Ensino Fundamental,2.248,REMUNERAÇÃO DOS PROFISSIONAIS DA EDUCAÇÃO,250,Outras Despesas Variáveis - Pessoal Civil,15407,"R$ 6.000,00",,,"R$ 3.455,21","R$ 1.190,67","R$ 1.190,67","R$ 1.190,67","R$ 1.354,12","R$ 1.354,12","R$ 1.354,12",,,,,,,,,,,,,,,,,,,,,,,,,,,,,,,"R$ 2.544,79","R$ 2.544,79","R$ 2.544,79"
Ensino Fundamental,2.248,REMUNERAÇÃO DOS PROFISSIONAIS DA EDUCAÇÃO,251,Indenizações e Restituições Trabalhistas,15407,"R$ 500,00",,,"R$ 500,00","R$ 0,00","R$ 0,00","R$ 0,00","R$ 0,00","R$ 0,00","R$ 0,00",,,,,,,,,,,,,,,,,,,,,,,,,,,,,,,"R$ 0,00","R$ 0,00","R$ 0,00"
Ensino Geral,2.250,MANUTENÇÃO DO TRANSPORTE ESCOLAR ,243,Materiais de Consumo,15403,"R$ 5.000,00",,,"R$ 5.000,00","R$ 0,00","R$ 0,00","R$ 0,00","R$ 0,00","R$ 0,00","R$ 0,00",,,,,,,,,,,,,,,,,,,,,,,,,,,,,,,"R$ 0,00","R$ 0,00","R$ 0,00"
Ensino Geral,2.250,MANUTENÇÃO DO TRANSPORTE ESCOLAR ,244,Serviços de Terceiros PJ,15403,"R$ 5.000,00",,,"R$ 5.000,00","R$ 0,00","R$ 0,00","R$ 0,00","R$ 0,00","R$ 0,00","R$ 0,00",,,,,,,,,,,,,,,,,,,,,,,,,,,,,,,"R$ 0,00","R$ 0,00","R$ 0,00"
Ensino Geral,2.275, MANUTENÇÃO DO CONSELHO DE ACOMPANHAMENTO E CONTROLE SOCIAL DO FUNDEB,241,Materiais de Consumo,15403,"R$ 500,00",,,"R$ 500,00","R$ 0,00","R$ 0,00","R$ 0,00","R$ 0,00","R$ 0,00","R$ 0,00",,,,,,,,,,,,,,,,,,,,,,,,,,,,,,,"R$ 0,00","R$ 0,00","R$ 0,00"
Ensino Geral,2.275, MANUTENÇÃO DO CONSELHO DE ACOMPANHAMENTO E CONTROLE SOCIAL DO FUNDEB,242,Serviços de Terceiros PJ,15403,"R$ 1.000,00",,,"R$ 1.000,00","R$ 0,00","R$ 0,00","R$ 0,00","R$ 0,00","R$ 0,00","R$ 0,00",,,,,,,,,,,,,,,,,,,,,,,,,,,,,,,"R$ 0,00","R$ 0,00","R$ 0,00"
Ensino Fundamental,2.276,MANUTENÇÃO DAS ATIVIDADES DA EDUCAÇÃO ,253,Materiais de Consumo,15403,"R$ 5.000,00",,,"R$ 5.000,00","R$ 0,00","R$ 0,00","R$ 0,00","R$ 0,00","R$ 0,00","R$ 0,00",,,,,,,,,,,,,,,,,,,,,,,,,,,,,,,"R$ 0,00","R$ 0,00","R$ 0,00"
Ensino Fundamental,2.276,MANUTENÇÃO DAS ATIVIDADES DA EDUCAÇÃO ,254,Serviços de Terceiros PJ,15403,"R$ 5.000,00",,,"R$ 5.000,00","R$ 0,00","R$ 0,00","R$ 0,00","R$ 0,00","R$ 0,00","R$ 0,00",,,,,,,,,,,,,,,,,,,,,,,,,,,,,,,"R$ 0,00","R$ 0,00","R$ 0,00"
Ensino Geral,101,SUBVENÇÃO A ASSOCIAÇÃO DOS ESTUDANTES DE ALPINÓPOLIS,284,Subvenções Sociais ,1500,"R$ 500.000,00",,,"R$ 500.000,00","R$ 0,00","R$ 0,00","R$ 0,00","R$ 0,00","R$ 0,00","R$ 0,00",,,,,,,,,,,,,,,,,,,,,,,,,,,,,,,"R$ 0,00","R$ 0,00","R$ 0,00"
Ensino Fundamental,1.104, EQUIPAMENTOS NECESSÁRIOS AO ENSINO ,277,Equipamentos e Materiais Permanentes ,1550,"R$ 30.000,00","R$ 2.156,00",,"R$ 1.400,00","R$ 30.756,00","R$ 0,00","R$ 0,00","R$ 0,00","R$ 17.565,00","R$ 153,36",,,,,,,,,,,,,,,,,,,,,,,,,,,,,,,"R$ 30.756,00","R$ 17.565,00","R$ 153,36"
Educação Infantil ,1.125, EQUIPAMENTOS NECESSÁRIOS AO ENSINO ,288,Equipamentos e Materiais Permanentes ,1550,"R$ 30.000,00",,,"R$ 10.221,01","R$ 19.778,99","R$ 0,00","R$ 0,00","R$ 0,00","R$ 11.705,00","R$ 102,24",,,,,,,,,,,,,,,,,,,,,,,,,,,,,,,"R$ 19.778,99","R$ 11.705,00","R$ 102,24"
Educação Infantil ,1.125, EQUIPAMENTOS NECESSÁRIOS AO ENSINO ,288,Equipamentos e Materiais Permanentes ,2550,"R$ 0,00","R$ 23.738,83",,"R$ 0,00","R$ 23.738,83","R$ 0,00","R$ 0,00","R$ 0,00","R$ 4.260,00","R$ 51,12",,,,,,,,,,,,,,,,,,,,,,,,,,,,,,,"R$ 23.738,83","R$ 4.260,00","R$ 51,12"
Educação Infantil ,1.128, AQUISIÇÃO DE MOBILIARIO E EQUIPAMENTO ESCOLAR,280,Equipamentos e Materiais Permanentes ,15001,"R$ 5.000,00",,,"R$ 5.000,00","R$ 0,00","R$ 0,00","R$ 0,00","R$ 0,00","R$ 0,00","R$ 0,00",,,,,,,,,,,,,,,,,,,,,,,,,,,,,,,"R$ 0,00","R$ 0,00","R$ 0,00"
Ensino Fundamental,1.134,OBRAS DE REFORMA DE ESCOLAS MUNICIPAIS ENSINO FUNDAMENTAL,701,Obras e Instalações ,15001,"R$ 0,00","R$ 175.485,63",,"R$ 175.485,63","R$ 0,00","R$ 0,00","R$ 0,00","R$ 0,00","R$ 0,00","R$ 0,00",,,,,,,,,,,,,,,,,,,,,,,,,,,,,,,"R$ 0,00","R$ 0,00","R$ 0,00"
Ensino Fundamental,1.134,OBRAS DE REFORMA DE ESCOLAS MUNICIPAIS ENSINO FUNDAMENTAL,701,Obras e Instalações ,2571,"R$ 0,00","R$ 1.100.000,00",,"R$ 1.100.000,00","R$ 0,00","R$ 0,00","R$ 0,00","R$ 0,00","R$ 0,00","R$ 0,00",,,,,,,,,,,,,,,,,,,,,,,,,,,,,,,"R$ 0,00","R$ 0,00","R$ 0,00"
Educação Infantil ,1.135,OBRAS DE REFORMA DE ESCOLAS MUNICIPAIS EDUCAÇÃO INFANTIL,702,Obras e Instalações ,15001,"R$ 0,00","R$ 13.242,03",,"R$ 13.242,03","R$ 0,00","R$ 0,00","R$ 0,00","R$ 0,00","R$ 0,00","R$ 0,00",,,,,,,,,,,,,,,,,,,,,,,,,,,,,,,"R$ 0,00","R$ 0,00","R$ 0,00"
Educação Infantil ,1.135,OBRAS DE REFORMA DE ESCOLAS MUNICIPAIS EDUCAÇÃO INFANTIL,702,Obras e Instalações ,2751,"R$ 0,00","R$ 400.000,00",,"R$ 400.000,00","R$ 0,00","R$ 0,00","R$ 0,00","R$ 0,00","R$ 0,00","R$ 0,00",,,,,,,,,,,,,,,,,,,,,,,,,,,,,,,"R$ 0,00","R$ 0,00","R$ 0,00"
Ensino Geral,2.228,MANUTENÇÃO DO TRANSPORTE ESCOLAR ,265,Materiais de Consumo,1550,"R$ 75.000,00",,,"R$ 75.000,00","R$ 0,00","R$ 0,00","R$ 0,00","R$ 0,00","R$ 0,00","R$ 0,00",,,,,,,,,,,,,,,,,,,,,,,,,,,,,,,"R$ 0,00","R$ 0,00","R$ 0,00"
Ensino Geral,2.228,MANUTENÇÃO DO TRANSPORTE ESCOLAR ,266,Serviços de Terceiros PJ,1550,"R$ 100.000,00",,,"R$ 99.900,00","R$ 100,00","R$ 0,00","R$ 0,00","R$ 0,00","R$ 0,00","R$ 0,00",,,,,,,,,,,,,,,,,,,,,,,,,,,,,,,"R$ 100,00","R$ 0,00","R$ 0,00"
Ensino Geral,2.229,MANUTENÇÃO DO TRANSPORTE ESCOLAR ,267,Serviços de Terceiros PJ,1576,"R$ 900.000,00",,,"R$ 897.730,00","R$ 110,00","R$ 0,00","R$ 0,00","R$ 2.160,00","R$ 0,00","R$ 0,00",,,,,,,,,,,,,,,,,,,,,,,,,,,,,,,"R$ 2.270,00","R$ 0,00","R$ 0,00"
Ensino Geral,2.230,MANUTENÇÃO DO PROGRAMA DINHEIRO DIRETO NA ESCOLA,273,Materiais de Consumo,1551,"R$ 700,00",,,"R$ 700,00","R$ 0,00","R$ 0,00","R$ 0,00","R$ 0,00","R$ 0,00","R$ 0,00",,,,,,,,,,,,,,,,,,,,,,,,,,,,,,,"R$ 0,00","R$ 0,00","R$ 0,00"
Ensino Geral,2.230,MANUTENÇÃO DO PROGRAMA DINHEIRO DIRETO NA ESCOLA,274,Serviços de Terceiros PJ,1551,"R$ 500,00",,,"R$ 500,00","R$ 0,00","R$ 0,00","R$ 0,00","R$ 0,00","R$ 0,00","R$ 0,00",,,,,,,,,,,,,,,,,,,,,,,,,,,,,,,"R$ 0,00","R$ 0,00","R$ 0,00"
Ensino Geral,2.230,MANUTENÇÃO DO PROGRAMA DINHEIRO DIRETO NA ESCOLA,275,Indenizações e restrições,1551,"R$ 100,00",,,"R$ 100,00","R$ 0,00","R$ 0,00","R$ 0,00","R$ 0,00","R$ 0,00","R$ 0,00",,,,,,,,,,,,,,,,,,,,,,,,,,,,,,,"R$ 0,00","R$ 0,00","R$ 0,00"
Ensino Geral,2.230,MANUTENÇÃO DO PROGRAMA DINHEIRO DIRETO NA ESCOLA,276,Equipamentos e Materiais Permanentes ,1551,"R$ 500,00",,,"R$ 500,00","R$ 0,00","R$ 0,00","R$ 0,00","R$ 0,00","R$ 0,00","R$ 0,00",,,,,,,,,,,,,,,,,,,,,,,,,,,,,,,"R$ 0,00","R$ 0,00","R$ 0,00"
Ensino Geral,2.251,MANUTENÇÃO DO TRANSPORTE ESCOLAR ,268,Materiais de Consumo,1553,"R$ 1.000,00",,,"R$ 1.000,00","R$ 0,00","R$ 0,00","R$ 0,00","R$ 0,00","R$ 0,00","R$ 0,00",,,,,,,,,,,,,,,,,,,,,,,,,,,,,,,"R$ 0,00","R$ 0,00","R$ 0,00"
Ensino Geral,2.251,MANUTENÇÃO DO TRANSPORTE ESCOLAR ,269,Serviços de Terceiros PJ,1553,"R$ 60.000,00",,,"R$ 59.980,00","R$ 20,00","R$ 0,00","R$ 0,00","R$ 0,00","R$ 0,00","R$ 0,00",,,,,,,,,,,,,,,,,,,,,,,,,,,,,,,"R$ 20,00","R$ 0,00","R$ 0,00"
Ensino Geral,2.277,MANUTENÇÃO DA MERENDA ESCOLAR,270,Materiais de Consumo,1552,"R$ 210.000,00",,,"R$ 187.002,07","R$ 0,00","R$ 0,00","R$ 0,00","R$ 22.997,93","R$ 0,00","R$ 0,00",,,,,,,,,,,,,,,,,,,,,,,,,,,,,,,"R$ 22.997,93","R$ 0,00","R$ 0,00"
Ensino Geral,2.278,MANUTENÇÃO DA MERENDA ESCOLAR,271,Materiais de Consumo,1500,"R$ 200.000,00",,,"R$ 193.400,00","R$ 6.600,00","R$ 0,00","R$ 0,00","R$ 0,00","R$ 0,00","R$ 0,00",,,,,,,,,,,,,,,,,,,,,,,,,,,,,,,"R$ 6.600,00","R$ 0,00","R$ 0,00"
Ensino Geral,2.278,MANUTENÇÃO DA MERENDA ESCOLAR,272,Serviços de Terceiros PJ,1500,"R$ 5.000,00",,,"R$ 5.000,00","R$ 0,00","R$ 0,00","R$ 0,00","R$ 0,00","R$ 0,00","R$ 0,00",,,,,,,,,,,,,,,,,,,,,,,,,,,,,,,"R$ 0,00","R$ 0,00","R$ 0,00"
Ensino Geral,2.278,MANUTENÇÃO DA MERENDA ESCOLAR,271,Materiais de Consumo,1550,"R$ 200.000,00",,,"R$ 104.239,62","R$ 46.751,32","R$ 0,00","R$ 0,00","R$ 49.009,06","R$ 44.581,06","R$ 14.146,61",,,,,,,,,,,,,,,,,,,,,,,,,,,,,,,"R$ 95.760,38","R$ 44.581,06","R$ 14.146,61"
Ensino Fundamental,2.279,MANUTENÇÃO DAS ATIVIDADES DA EDUCAÇÃO ,278,Materiais de Consumo,1569,"R$ 1.000,00",,,"R$ 1.000,00","R$ 0,00","R$ 0,00","R$ 0,00","R$ 0,00","R$ 0,00","R$ 0,00",,,,,,,,,,,,,,,,,,,,,,,,,,,,,,,"R$ 0,00","R$ 0,00","R$ 0,00"
Ensino Fundamental,2.279,MANUTENÇÃO DAS ATIVIDADES DA EDUCAÇÃO ,279,Equipamentos e Materiais Permanentes ,1569,"R$ 1.000,00",,,"R$ 1.000,00","R$ 0,00","R$ 0,00","R$ 0,00","R$ 0,00","R$ 0,00","R$ 0,00",,,,,,,,,,,,,,,,,,,,,,,,,,,,,,,"R$ 0,00","R$ 0,00","R$ 0,00"
Educação Infantil ,2.280,MANUTENÇÃO DE CURSOS TÉCNICOS PROFISSIONALIZANTES,281,Diárias - Pessoal Civil,1500,"R$ 8.000,00",,,"R$ 5.500,00","R$ 2.500,00","R$ 0,00","R$ 0,00","R$ 0,00","R$ 0,00","R$ 0,00",,,,,,,,,,,,,,,,,,,,,,,,,,,,,,,"R$ 2.500,00","R$ 0,00","R$ 0,00"
Curso Técnico ,2.280,MANUTENÇÃO DE CURSOS TÉCNICOS PROFISSIONALIZANTES,282,Materiais de Consumo,1500,"R$ 10.000,00",,,"R$ 1.115,00","R$ 8.885,00","R$ 0,00","R$ 0,00","R$ 0,00","R$ 0,00","R$ 0,00",,,,,,,,,,,,,,,,,,,,,,,,,,,,,,,"R$ 8.885,00","R$ 0,00","R$ 0,00"
Curso Técnico ,2.280,MANUTENÇÃO DE CURSOS TÉCNICOS PROFISSIONALIZANTES,283,Serviços de Terceiros PJ,1500,"R$ 1.000,00",,,"R$ 1.000,00","R$ 0,00","R$ 0,00","R$ 0,00","R$ 0,00","R$ 0,00","R$ 0,00",,,,,,,,,,,,,,,,,,,,,,,,,,,,,,,"R$ 0,00","R$ 0,00","R$ 0,00"
Ensino Superior ,2.281,MANUTENÇÃO DO TRANSPORTE ESCOLAR ,285,Diárias - Pessoal Civil,1500,"R$ 1.000,00",,,"R$ 800,00","R$ 200,00","R$ 0,00","R$ 0,00","R$ 0,00","R$ 48,00","R$ 48,00",,,,,,,,,,,,,,,,,,,,,,,,,,,,,,,"R$ 200,00","R$ 48,00","R$ 48,00"
Ensino Superior ,2.281,MANUTENÇÃO DO TRANSPORTE ESCOLAR ,286,Materiais de Consumo,1500,"R$ 1.000,00",,,"R$ 1.000,00","R$ 0,00","R$ 0,00","R$ 0,00","R$ 0,00","R$ 0,00","R$ 0,00",,,,,,,,,,,,,,,,,,,,,,,,,,,,,,,"R$ 0,00","R$ 0,00","R$ 0,00"
Ensino Superior ,2.281,MANUTENÇÃO DO TRANSPORTE ESCOLAR ,287,Serviços de Terceiros PJ,1500,"R$ 1.000,00",,,"R$ 1.000,00","R$ 0,00","R$ 0,00","R$ 0,00","R$ 0,00","R$ 0,00","R$ 0,00",,,,,,,,,,,,,,,,,,,,,,,,,,,,,,,"R$ 0,00","R$ 0,00","R$ 0,00"
Educação Infantil ,2.282,MANUTENÇÃO DAS ATIVIDADES DA EDUCAÇÃO ,289,Contratação por tempo Determinado,1569,"R$ 6.000,00",,,"R$ 6.000,00","R$ 0,00","R$ 0,00","R$ 0,00","R$ 0,00","R$ 0,00","R$ 0,00",,,,,,,,,,,,,,,,,,,,,,,,,,,,,,,"R$ 0,00","R$ 0,00","R$ 0,00"
Educação Infantil ,2.282,MANUTENÇÃO DAS ATIVIDADES DA EDUCAÇÃO ,290,Outras Despesas Variáveis - Pessoal Civil,1569,"R$ 1.000,00",,,"R$ 1.000,00","R$ 0,00","R$ 0,00","R$ 0,00","R$ 0,00","R$ 0,00","R$ 0,00",,,,,,,,,,,,,,,,,,,,,,,,,,,,,,,"R$ 0,00","R$ 0,00","R$ 0,00"
Educação Infantil ,2.282,MANUTENÇÃO DAS ATIVIDADES DA EDUCAÇÃO ,291,Materiais de Consumo,1569,"R$ 5.000,00",,,"R$ 5.000,00","R$ 0,00","R$ 0,00","R$ 0,00","R$ 0,00","R$ 0,00","R$ 0,00",,,,,,,,,,,,,,,,,,,,,,,,,,,,,,,"R$ 0,00","R$ 0,00","R$ 0,00"
Educação Infantil ,2.282,MANUTENÇÃO DAS ATIVIDADES DA EDUCAÇÃO ,292,Auxílio-alimentação,1569,"R$ 3.600,00",,,"R$ 3.600,00","R$ 0,00","R$ 0,00","R$ 0,00","R$ 0,00","R$ 0,00","R$ 0,00",,,,,,,,,,,,,,,,,,,,,,,,,,,,,,,"R$ 0,00","R$ 0,00","R$ 0,00"
Educação Infantil ,2.282,MANUTENÇÃO DAS ATIVIDADES DA EDUCAÇÃO ,293,Equipamentos e Materiais Permanentes ,1569,"R$ 3.000,00",,,"R$ 3.000,00","R$ 0,00","R$ 0,00","R$ 0,00","R$ 0,00","R$ 0,00","R$ 0,00",,,,,,,,,,,,,,,,,,,,,,,,,,,,,,,"R$ 0,00","R$ 0,00","R$ 0,00"
Educação Infantil ,2.362,MANUTENÇÃO DO PROGRAMA ESCOLA DE TEMPO INTEGRAL ,294,Materiais de Consumo,1569,"R$ 10.000,00",,,"R$ 10.000,00","R$ 0,00","R$ 0,00","R$ 0,00","R$ 0,00","R$ 0,00","R$ 0,00",,,,,,,,,,,,,,,,,,,,,,,,,,,,,,,"R$ 0,00","R$ 0,00","R$ 0,00"
Educação Infantil ,2.362,MANUTENÇÃO DO PROGRAMA ESCOLA DE TEMPO INTEGRAL ,295,Serviços de Terceiros PJ,1569,"R$ 5.000,00",,,"R$ 4.980,00","R$ 20,00","R$ 0,00","R$ 0,00","R$ 0,00","R$ 0,00","R$ 0,00",,,,,,,,,,,,,,,,,,,,,,,,,,,,,,,"R$ 20,00","R$ 0,00","R$ 0,00"
Educação Infantil ,2.362,MANUTENÇÃO DO PROGRAMA ESCOLA DE TEMPO INTEGRAL ,296,Equipamentos e Materiais Permanentes ,1569,"R$ 5.000,00",,,"R$ 5.000,00","R$ 0,00","R$ 0,00","R$ 0,00","R$ 0,00","R$ 0,00","R$ 0,00",,,,,,,,,,,,,,,,,,,,,,,,,,,,,,,"R$ 0,00","R$ 0,00","R$ 0,00"
,,,,,,,,,,,,,,,,,,,,,,,,,,,,,,,,,,,,,,,,,,,,,,0,0,0
,,,,,,,,,,,,,,,,,,,,,,,,,,,,,,,,,,,,,,,,,,,,,,0,0,0
,,,,,,,,,,,,,,,,,,,,,,,,,,,,,,,,,,,,,,,,,,,,,,0,0,0
,,,,,,,,,,,,,,,,,,,,,,,,,,,,,,,,,,,,,,,,,,,,,,0,0,0
,,,,,,,,,,,,,,,,,,,,,,,,,,,,,,,,,,,,,,,,,,,,,,0,0,0
,,,,,,,,,,,,,,,,,,,,,,,,,,,,,,,,,,,,,,,,,,,,,,0,0,0
,,,,,,,,,,,,,,,,,,,,,,,,,,,,,,,,,,,,,,,,,,,,,,0,0,0
,,,,,,,,,,,,,,,,,,,,,,,,,,,,,,,,,,,,,,,,,,,,,,0,0,0
,,,,,,,,,,,,,,,,,,,,,,,,,,,,,,,,,,,,,,,,,,,,,,0,0,0
,,,,,,,,,,,,,,,,,,,,,,,,,,,,,,,,,,,,,,,,,,,,,,0,0,0
,,,,,,,,,,,,,,,,,,,,,,,,,,,,,,,,,,,,,,,,,,,,,,0,0,0
,,,,,,,,,,,,,,,,,,,,,,,,,,,,,,,,,,,,,,,,,,,,,,0,0,0
,,,,,,,,,,,,,,,,,,,,,,,,,,,,,,,,,,,,,,,,,,,,,,0,0,0
,,,,,,,,,,,,,,,,,,,,,,,,,,,,,,,,,,,,,,,,,,,,,,0,0,0
,,,,,,,,,,,,,,,,,,,,,,,,,,,,,,,,,,,,,,,,,,,,,,0,0,0
,,,,,,,,,,,,,,,,,,,,,,,,,,,,,,,,,,,,,,,,,,,,,,0,0,0
,,,,,,,,,,,,,,,,,,,,,,,,,,,,,,,,,,,,,,,,,,,,,,0,0,0
,,,,,,,,,,,,,,,,,,,,,,,,,,,,,,,,,,,,,,,,,,,,,,0,0,0
,,,,,,,,,,,,,,,,,,,,,,,,,,,,,,,,,,,,,,,,,,,,,,0,0,0
,,,,,,,,,,,,,,,,,,,,,,,,,,,,,,,,,,,,,,,,,,,,,,0,0,0
,,,,,,,,,,,,,,,,,,,,,,,,,,,,,,,,,,,,,,,,,,,,,,0,0,0
,,,,,,,,,,,,,,,,,,,,,,,,,,,,,,,,,,,,,,,,,,,,,,0,0,0
,,,,,,,,,,,,,,,,,,,,,,,,,,,,,,,,,,,,,,,,,,,,,,0,0,0
,,,,,,,,,,,,,,,,,,,,,,,,,,,,,,,,,,,,,,,,,,,,,,0,0,0
,,,,,,,,,,,,,,,,,,,,,,,,,,,,,,,,,,,,,,,,,,,,,,0,0,0
,,,,,,,,,,,,,,,,,,,,,,,,,,,,,,,,,,,,,,,,,,,,,,0,0,0
,,,,,,,,,,,,,,,,,,,,,,,,,,,,,,,,,,,,,,,,,,,,,,0,0,0
,,,,,,,,,,,,,,,,,,,,,,,,,,,,,,,,,,,,,,,,,,,,,,0,0,0
,,,,,,,,,,,,,,,,,,,,,,,,,,,,,,,,,,,,,,,,,,,,,,0,0,0
,,,,,,,,,,,,,,,,,,,,,,,,,,,,,,,,,,,,,,,,,,,,,,0,0,0
,,,,,,,,,,,,,,,,,,,,,,,,,,,,,,,,,,,,,,,,,,,,,,0,0,0
,,,,,,,,,,,,,,,,,,,,,,,,,,,,,,,,,,,,,,,,,,,,,,0,0,0
,,,,,,,,,,,,,,,,,,,,,,,,,,,,,,,,,,,,,,,,,,,,,,0,0,0
,,,,,,,,,,,,,,,,,,,,,,,,,,,,,,,,,,,,,,,,,,,,,,0,0,0
,,,,,,,,,,,,,,,,,,,,,,,,,,,,,,,,,,,,,,,,,,,,,,0,0,0
,,,,,,,,,,,,,,,,,,,,,,,,,,,,,,,,,,,,,,,,,,,,,,0,0,0
,,,,,,,,,,,,,,,,,,,,,,,,,,,,,,,,,,,,,,,,,,,,,,0,0,0
,,,,,,,,,,,,,,,,,,,,,,,,,,,,,,,,,,,,,,,,,,,,,,0,0,0
,,,,,,,,,,,,,,,,,,,,,,,,,,,,,,,,,,,,,,,,,,,,,,0,0,0
,,,,,,,,,,,,,,,,,,,,,,,,,,,,,,,,,,,,,,,,,,,,,,0,0,0
,,,,,,,,,,,,,,,,,,,,,,,,,,,,,,,,,,,,,,,,,,,,,,0,0,0
,,,,,,,,,,,,,,,,,,,,,,,,,,,,,,,,,,,,,,,,,,,,,,0,0,0
,,,,,,,,,,,,,,,,,,,,,,,,,,,,,,,,,,,,,,,,,,,,,,0,0,0
,,,,,,,,,,,,,,,,,,,,,,,,,,,,,,,,,,,,,,,,,,,,,,0,0,0
,,,,,,,,,,,,,,,,,,,,,,,,,,,,,,,,,,,,,,,,,,,,,,0,0,0
,,,,,,,,,,,,,,,,,,,,,,,,,,,,,,,,,,,,,,,,,,,,,,0,0,0
,,,,,,,,,,,,,,,,,,,,,,,,,,,,,,,,,,,,,,,,,,,,,,0,0,0
,,,,,,,,,,,,,,,,,,,,,,,,,,,,,,,,,,,,,,,,,,,,,,0,0,0
,,,,,,,,,,,,,,,,,,,,,,,,,,,,,,,,,,,,,,,,,,,,,,0,0,0